id,price_target
0,22268.705
1,23347.291
2,27388.697
3,18809.432
4,19672.611
5,17785.207
6,21453.22
7,63042.812
8,24544.41
9,16577.87
10,27037.475
11,15902.029
12,17335.9
13,19805.65
14,30544.8
15,16457.686
16,17382.057
17,16352.95
18,17862.553
19,18888.025
20,30367.156
21,22998.268
22,21516.146
23,18242.453
24,23976.662
25,23856.139
26,39233.156
27,18224.82
28,20859.465
29,25932.504
30,28564.404
31,24467.682
32,24303.697
33,20914.904
34,16214.467
35,17872.113
36,28707.92
37,33123.914
38,16560.406
39,24197.262
40,19404.318
41,17602.367
42,16734.516
43,32012.738
44,40698.914
45,15892.28
46,25851.09
47,16463.62
48,17590.066
49,17164.193
50,16872.402
51,29018.31
52,25873.781
53,31798.402
54,41691.19
55,24826.807
56,45148.793
57,19043.346
58,28055.986
59,23018.764
60,33267.742
61,29507.559
62,31562.102
63,21552.047
64,17493.033
65,18072.416
66,19147.39
67,24883.982
68,29882.031
69,27024.404
70,17467.043
71,21505.479
72,37047.152
73,24052.908
74,30935.533
75,34020.914
76,36130.344
77,17953.654
78,16736.941
79,37850.746
80,18628.496
81,16775.727
82,16464.012
83,23321.275
84,20491.975
85,27775.8
86,19213.555
87,16490.713
88,16202.904
89,18682.014
90,19171.309
91,30623.117
92,15958.396
93,25519.682
94,27826.922
95,41179.023
96,27935.81
97,17975.295
98,22795.924
99,17326.842
100,17528.271
101,19758.184
102,43891.465
103,32732.223
104,22156.998
105,18885.973
106,23766.256
107,37817.008
108,22740.639
109,52789.39
110,30829.445
111,17907.688
112,28343.646
113,19760.219
114,24082.725
115,17034.852
116,19719.78
117,16280.013
118,18882.19
119,20868.578
120,34500.7
121,16170.839
122,27995.9
123,50602.047
124,28119.15
125,24701.82
126,25189.928
127,19513.05
128,31686.06
129,20771.877
130,16296.169
131,38754.62
132,28131.06
133,19174.51
134,16681.834
135,27508.88
136,17679.273
137,28207.412
138,21370.19
139,25509.803
140,16609.6
141,34242.49
142,17248.756
143,26205.44
144,41953.52
145,16190.237
146,17040.979
147,28590.568
148,16993.521
149,24032.432
150,28990.814
151,32643.002
152,27599.807
153,18755.496
154,19087.55
155,24606.592
156,31756.701
157,21318.383
158,18551.797
159,28125.025
160,19656.932
161,70692.24
162,17665.771
163,36498.594
164,27335.697
165,31348.182
166,16758.697
167,36959.457
168,18657.904
169,19361.8
170,22639.84
171,34282.29
172,24527.797
173,22179.027
174,25954.523
175,31833.236
176,22679.863
177,17203.607
178,74491.12
179,16326.815
180,18918.691
181,20001.588
182,24955.113
183,24881.135
184,21844.197
185,17669.328
186,17720.26
187,16902.473
188,19245.521
189,24857.273
190,17057.58
191,21033.645
192,23979.91
193,49839.426
194,28665.486
195,16182.703
196,22731.598
197,28232.604
198,80366.484
199,43623.55
200,18846.244
201,16598.625
202,30039.844
203,22092.05
204,23772.377
205,30501.922
206,17436.002
207,23517.02
208,24317.053
209,19004.773
210,24877.766
211,16323.826
212,38087.492
213,16127.975
214,26538.842
215,23972.09
216,33495.688
217,43977.402
218,16976.223
219,19216.121
220,16468.19
221,19467.936
222,43742.906
223,28265.957
224,16347.087
225,21460.26
226,17527.953
227,22452.424
228,24374.773
229,23599.97
230,24598.238
231,24463.762
232,16921.31
233,19133.7
234,29534.672
235,18762.848
236,17146.375
237,16282.342
238,27893.986
239,24350.168
240,21907.727
241,17660.332
242,27783.432
243,18231.688
244,16593.355
245,31352.098
246,23551.09
247,19125.543
248,30433.057
249,16024.68
250,29042.176
251,23223.527
252,17501.443
253,35153.75
254,22255.924
255,39038.1
256,16580.588
257,19645.63
258,36687.535
259,27000.06
260,33329.89
261,23239.857
262,16859.195
263,24411.252
264,19623.57
265,20552.492
266,17301.033
267,18495.37
268,41791.95
269,36899.758
270,17557.434
271,19158.514
272,22189.354
273,24711.363
274,25821.102
275,23470.459
276,92042.49
277,18753.957
278,25406.832
279,19451.215
280,19307.79
281,18114.072
282,25882.371
283,30835.62
284,19088.516
285,21161.332
286,29812.518
287,25145.883
288,27224.291
289,43772.79
290,17422.637
291,17233.217
292,32732.504
293,22020.846
294,36505.137
295,21341.146
296,26684.547
297,27768.28
298,30509.252
299,16304.8125
300,19456.818
301,16223.485
302,23355.062
303,23240.1
304,25725.73
305,31469.408
306,17358.83
307,30873.46
308,27556.908
309,31553.645
310,26924.795
311,32217.336
312,22716.318
313,22400.408
314,16716.809
315,25820.807
316,63807.37
317,34403.21
318,34068.414
319,16205.454
320,17465.262
321,17141.635
322,18640.883
323,20820.865
324,28739.697
325,16543.137
326,22417.934
327,19397.139
328,19616.086
329,21110.092
330,20389.51
331,31499.375
332,26924.768
333,18891.574
334,26063.393
335,32545.768
336,42993.44
337,18979.414
338,19336.371
339,23417.133
340,19632.688
341,40676.68
342,17518.963
343,29192.938
344,16556.443
345,53571.137
346,26258.025
347,30032.053
348,28894.15
349,27547.895
350,16821.227
351,17991.742
352,17076.56
353,19028.096
354,16159.322
355,27939.754
356,21231.014
357,20755.4
358,18918.764
359,15922.32
360,18078.244
361,20819.695
362,26928.234
363,19367.84
364,16361.562
365,30038.555
366,22732.16
367,20521.057
368,17292.982
369,18192.78
370,29527.377
371,20116.312
372,23689.316
373,23799.463
374,17326.182
375,23668.652
376,23601.389
377,24182.268
378,26420.072
379,26756.742
380,18674.729
381,27661.627
382,39800.105
383,29589.113
384,16268.714
385,38990.18
386,19603.033
387,21865.584
388,23589.238
389,17948.758
390,24959.064
391,26803.66
392,32634.441
393,28505.975
394,27426.73
395,29674.203
396,19341.61
397,34560.7
398,29804.645
399,18135.68
400,26160.291
401,16160.309
402,17241.568
403,20321.37
404,17222.766
405,25605.008
406,19287.84
407,33958.188
408,35215.996
409,21703.178
410,18468.418
411,28765.912
412,16484.045
413,17726.92
414,16383.0625
415,28493.309
416,24146.223
417,16830.809
418,17776.678
419,94116.4
420,22178.965
421,24576.83
422,16822.398
423,20454.426
424,37638.617
425,17415.295
426,21001.312
427,17713.348
428,22572.96
429,16396.021
430,34705.04
431,23163.736
432,17121.945
433,29164.775
434,30325.393
435,16919.05
436,16119.748
437,23887.922
438,16553.729
439,16306.321
440,22391.096
441,21914.686
442,23662.287
443,22121.336
444,25829.156
445,17859.998
446,20624.674
447,27359.979
448,24927.902
449,24141.25
450,21716.346
451,76450.984
452,28742.877
453,24275.041
454,45789.746
455,44559.08
456,31918.477
457,19345.373
458,24178.6
459,16448.693
460,17741.195
461,20633.172
462,19117.082
463,24120.49
464,30145.574
465,19792.508
466,16252.29
467,23084.562
468,22431.643
469,16701.463
470,18549.072
471,22651.092
472,41421.89
473,17741.6
474,31387.94
475,16218.194
476,50648.688
477,26421.258
478,16907.873
479,29664.867
480,27270.963
481,20496.371
482,19169.7
483,17773.508
484,17757.209
485,22697.152
486,30434.855
487,31036.363
488,26893.844
489,17130.373
490,17017.234
491,27999.266
492,21269.135
493,23253.625
494,16194.515
495,21316.064
496,24335.195
497,16751.234
498,35085.555
499,16568.922
500,32124.707
501,17253.494
502,24660.557
503,19167.232
504,23643.43
505,27018.941
506,24822.662
507,22903.688
508,22893.182
509,19954.258
510,21480.922
511,20972.73
512,16154.978
513,16406.564
514,17373.72
515,34347.45
516,26215.963
517,18269.807
518,17673.44
519,21181.928
520,32481.084
521,17227.285
522,32087.475
523,28354.947
524,21250.867
525,30433.172
526,16532.145
527,19725.365
528,26962.207
529,29862.174
530,18034.348
531,22362.775
532,25997.383
533,25952.371
534,19870.963
535,22637.53
536,17096.018
537,23760.885
538,28751.732
539,17860.305
540,25642.203
541,37933.72
542,17511.83
543,25454.295
544,24967.78
545,23305.488
546,16564.42
547,23501.885
548,35984.848
549,33564.44
550,16704.457
551,24252.572
552,39783.676
553,31991.559
554,23149.05
555,17272.28
556,22540.133
557,30701.957
558,17419.879
559,38270.715
560,20946.383
561,16527.918
562,20428.965
563,16600.066
564,24751.908
565,16566.553
566,25480.018
567,16582.232
568,25344.416
569,17556.998
570,16421.623
571,21724.238
572,21320.396
573,41386.668
574,19307.236
575,37805.65
576,21009.605
577,26796.4
578,22525.262
579,16635.473
580,19849.9
581,24215.777
582,19804.84
583,24362.457
584,17212.043
585,25784.117
586,22204.404
587,20038.686
588,16685.94
589,21809.393
590,84269.516
591,16156.919
592,34573.82
593,26863.826
594,21409.645
595,20653.61
596,16312.045
597,25291.393
598,22212.559
599,22785.773
600,18872.738
601,20226.72
602,29821.334
603,17261.213
604,16287.126
605,15997.667
606,19473.322
607,26683.682
608,29518.256
609,29966.879
610,28961.025
611,16893.8
612,20968.87
613,23719.926
614,25536.285
615,16726.824
616,32013.99
617,16905.97
618,20539.383
619,16448.758
620,22759.408
621,16780.096
622,18086.418
623,19700.324
624,27911.709
625,35618.348
626,18301.809
627,18736.938
628,17868.842
629,18799.031
630,16397.617
631,20292.744
632,27335.75
633,16116.812
634,18544.809
635,23107.186
636,18401.396
637,23336.137
638,17697.932
639,20120.305
640,26798.777
641,19708.027
642,24834.787
643,16302.294
644,30069.826
645,20321.621
646,16913.904
647,32388.191
648,17535.879
649,22011.207
650,23567.268
651,20199.5
652,24466.678
653,16136.099
654,24497.428
655,16711.277
656,20640.416
657,16268.854
658,17571.137
659,20189.33
660,16219.029
661,17899.576
662,19497.424
663,28667.674
664,19081.58
665,24528.896
666,17585.102
667,17866.643
668,19229.816
669,32520.232
670,23903.076
671,17227.252
672,26040.56
673,27306.463
674,17103.52
675,25196.295
676,20139.35
677,31031.656
678,39844.504
679,19218.96
680,20656.11
681,17491.332
682,26430.305
683,28131.22
684,16874.96
685,17200.195
686,19601.387
687,23778.227
688,25069.473
689,22952.45
690,35527.223
691,17455.535
692,25205.957
693,20481.97
694,23715.674
695,22980.113
696,19639.018
697,21997.86
698,16510.604
699,18944.186
700,21960.318
701,26674.14
702,22454.223
703,24591.248
704,18696.594
705,23455.11
706,30450.098
707,18757.588
708,28595.395
709,16175.405
710,30112.76
711,19125.16
712,19452.271
713,17437.7
714,27029.225
715,17051.48
716,28626.828
717,30020.256
718,26839.293
719,18781.02
720,43997.54
721,22452.402
722,28552.012
723,17014.979
724,23126.852
725,32072.635
726,16381.313
727,18818.709
728,20271.854
729,20065.25
730,42596.37
731,16368.788
732,24045.729
733,26265.238
734,24411.09
735,18596.81
736,24240.154
737,32445.076
738,25592.168
739,23844.082
740,17881.15
741,21740.652
742,25409.982
743,17198.852
744,22690.27
745,37945.91
746,16984.951
747,16501.521
748,21333.271
749,25216.945
750,22045.242
751,17524.578
752,19599.238
753,32141.777
754,23772.24
755,20836.242
756,20460.67
757,23836.33
758,22782.406
759,17249.645
760,37625.55
761,25260.947
762,24332.387
763,16543.422
764,24031.676
765,23420.506
766,17026.846
767,19945.43
768,30951.498
769,16750.834
770,18824.615
771,21140.01
772,29396.498
773,30523.922
774,18458.188
775,25641.592
776,24132.088
777,16590.475
778,39254.414
779,16297.475
780,26745.898
781,18182.285
782,20602.496
783,24063.209
784,23965.188
785,16378.907
786,39555.92
787,16963.484
788,16819.752
789,17795.506
790,17961.037
791,20434.947
792,19244.402
793,22299.777
794,59551.848
795,17936.848
796,32934.79
797,16764.227
798,19902.314
799,22655.154
800,39953.1
801,20978.97
802,20377.65
803,17156.615
804,24708.44
805,31920.822
806,23058.533
807,20332.303
808,19892.56
809,32146.65
810,39332.434
811,23933.324
812,28625.955
813,19004.537
814,23006.209
815,18293.676
816,25836.08
817,17156.844
818,17524.945
819,37430.457
820,18684.973
821,24451.701
822,16320.23
823,28419.328
824,17043.27
825,19535.508
826,17536.799
827,39393.473
828,17658.664
829,17571.773
830,22308.094
831,16867.334
832,18249.867
833,24565.184
834,30142.756
835,19104.068
836,27839.637
837,17617.299
838,16768.992
839,27980.232
840,19255.785
841,19572.395
842,22609.049
843,18764.729
844,22943.06
845,25482.957
846,22624.43
847,28102.475
848,35516.688
849,17063.602
850,18525.523
851,20674.262
852,20529.004
853,17001.709
854,27503.293
855,34476.82
856,25536.432
857,18004.89
858,24553.4
859,17013.664
860,18409.332
861,20954.217
862,39888.723
863,26798.47
864,16602.662
865,35792.56
866,26575.592
867,29954.82
868,42239.73
869,16325.57
870,17613.82
871,16363.793
872,30291.979
873,29044.975
874,21637.125
875,31345.072
876,17543.273
877,34853.97
878,39200.355
879,28962.627
880,23205.705
881,16675.121
882,25062.156
883,16154.854
884,18695.31
885,18757.105
886,19880.953
887,25065.957
888,27335.332
889,22388.49
890,29881.318
891,20450.973
892,16546.56
893,32393.135
894,17253.28
895,19344.635
896,17741.447
897,17484.094
898,25978.47
899,18925.025
900,19933.717
901,38386.555
902,31757.578
903,28241.193
904,31187.271
905,16564.61
906,22855.55
907,16248.54
908,18900.424
909,19566.2
910,36770.55
911,30193.365
912,16182.287
913,24629.436
914,17084.037
915,17129.59
916,25233.352
917,18666.127
918,20820.35
919,29016.982
920,23704.05
921,21501.008
922,17357.82
923,26896.512
924,25743.598
925,17729.033
926,24650.867
927,44030.195
928,21971.379
929,32523.023
930,17732.922
931,18554.945
932,41099.69
933,16731.611
934,28795.365
935,28872.664
936,16614.67
937,34018.188
938,33319.434
939,18450.373
940,20863.803
941,19693.072
942,27340.285
943,23726.76
944,16124.068
945,31686.543
946,18747.018
947,20600.316
948,18312.65
949,23556.504
950,16679.447
951,24118.26
952,37375.81
953,16826.73
954,19790.508
955,18534.164
956,16450.766
957,19965.586
958,36752.004
959,17134.8
960,24030.758
961,25590.166
962,30419.273
963,40939.457
964,26032.416
965,17141.553
966,35732.77
967,23792.88
968,84641.55
969,17790.518
970,26852.99
971,16385.516
972,25211.822
973,44756.4
974,16918.986
975,17791.857
976,16922.78
977,16719.184
978,25176.838
979,17575.863
980,69031.92
981,16707.102
982,18019.717
983,44293.68
984,31649.879
985,18588.955
986,20154.701
987,16117.488
988,20643.625
989,18618.14
990,23747.812
991,16847.479
992,29134.334
993,17235.354
994,18088.436
995,37014.344
996,16711.07
997,16046.871
998,26451.234
999,20845.186
1000,24347.29
1001,35126.1
1002,24476.854
1003,21750.13
1004,23678.992
1005,26074.084
1006,31884.676
1007,33039.11
1008,27904.816
1009,17549.014
1010,20259.83
1011,30350.883
1012,17031.96
1013,26673.656
1014,22202.266
1015,19804.46
1016,63022.254
1017,23545.611
1018,18340.18
1019,20102.236
1020,23589.373
1021,17815.07
1022,21424.105
1023,18434.824
1024,31279.463
1025,16718.164
1026,17046.148
1027,27974.441
1028,16045.785
1029,38841.203
1030,18257.354
1031,25822.334
1032,18116.18
1033,16951.145
1034,17833.326
1035,20485.37
1036,25840.49
1037,17274.898
1038,27855.783
1039,17038.15
1040,29828.871
1041,25835.44
1042,27663.71
1043,21380.363
1044,110370.85
1045,18231.217
1046,27666.322
1047,33150.715
1048,35485.844
1049,28000.387
1050,41121.375
1051,22060.174
1052,20472.771
1053,24876.578
1054,21654.383
1055,24957.113
1056,20864.28
1057,26730.318
1058,20809.65
1059,25310.623
1060,17272.28
1061,22187.385
1062,31850.09
1063,17462.93
1064,24117.592
1065,53651.41
1066,23337.361
1067,21374.43
1068,18219.52
1069,18155.67
1070,24059.492
1071,22382.512
1072,16978.197
1073,25008.482
1074,16717.271
1075,26784.93
1076,17885.977
1077,19395.475
1078,25783.674
1079,24144.68
1080,24812.271
1081,32084.781
1082,17201.508
1083,18315.36
1084,16703.246
1085,17074.8
1086,21032.441
1087,23915.572
1088,24537.436
1089,17068.256
1090,43397.688
1091,37856.234
1092,26382.28
1093,16970.12
1094,21721.068
1095,25218.148
1096,103161.695
1097,21643.523
1098,16136.422
1099,26217.613
1100,37545.152
1101,42703.426
1102,22604.328
1103,19571.35
1104,21427.232
1105,40271.113
1106,45167.832
1107,19178.422
1108,36618.39
1109,23573.383
1110,16446.906
1111,26090.95
1112,17237.736
1113,18863.613
1114,40714.832
1115,25166.322
1116,17009.95
1117,16945.86
1118,21979.7
1119,24454.617
1120,29399.75
1121,30576.6
1122,20895.186
1123,17785.836
1124,31475.682
1125,20070.877
1126,29377.748
1127,32366.053
1128,20181.611
1129,18710.615
1130,42395.11
1131,25768.014
1132,24201.047
1133,23983.135
1134,19655.357
1135,41302.367
1136,19232.018
1137,57091.055
1138,26391.213
1139,23921.867
1140,20415.973
1141,16685.605
1142,16988.742
1143,28524.902
1144,22083.498
1145,34809.754
1146,19535.525
1147,18735.81
1148,31709.217
1149,49251.816
1150,25731.129
1151,20147.398
1152,16943.111
1153,17259.748
1154,16793.385
1155,17491.482
1156,24460.799
1157,17608.463
1158,16692.273
1159,17484.395
1160,28429.547
1161,26336.174
1162,28359.465
1163,19843.693
1164,41193.008
1165,20415.564
1166,23794.379
1167,20211.775
1168,16316.729
1169,17514.92
1170,25058.523
1171,17990.182
1172,33178.707
1173,138833.36
1174,16381.953
1175,23720.582
1176,22555.422
1177,29191.518
1178,23177.084
1179,35028.082
1180,19628.025
1181,100868.57
1182,16477.35
1183,18195.33
1184,33563.13
1185,17924.775
1186,17722.033
1187,18844.662
1188,18422.54
1189,34806.336
1190,19018.68
1191,35494.0
1192,26737.764
1193,19393.07
1194,24323.338
1195,19612.588
1196,18387.906
1197,17795.727
1198,19158.076
1199,28933.307
1200,19403.041
1201,26981.088
1202,22064.383
1203,16077.739
1204,18154.492
1205,23098.15
1206,26299.379
1207,25485.145
1208,22119.29
1209,33331.16
1210,39455.812
1211,116631.625
1212,16565.951
1213,23914.682
1214,28042.023
1215,36150.574
1216,31109.412
1217,32659.35
1218,16664.23
1219,23571.47
1220,39960.535
1221,18517.256
1222,21054.918
1223,24766.383
1224,30223.875
1225,43015.383
1226,23813.88
1227,65797.46
1228,20753.896
1229,31800.191
1230,26371.562
1231,29742.033
1232,23026.953
1233,18747.055
1234,17242.488
1235,28069.53
1236,17561.37
1237,16191.457
1238,24113.291
1239,26887.996
1240,26484.883
1241,22839.514
1242,16523.568
1243,17500.643
1244,18073.348
1245,24115.752
1246,45025.215
1247,27785.42
1248,16169.991
1249,25944.154
1250,18216.947
1251,19196.41
1252,19222.096
1253,25396.826
1254,21784.613
1255,30213.184
1256,16375.596
1257,23443.346
1258,24135.195
1259,28572.332
1260,16364.995
1261,18667.695
1262,19037.137
1263,16741.299
1264,16309.82
1265,18084.004
1266,26932.576
1267,18214.117
1268,27732.365
1269,24567.947
1270,16438.406
1271,22964.865
1272,16045.662
1273,27044.62
1274,32759.08
1275,20634.785
1276,34040.32
1277,16614.875
1278,17304.992
1279,27837.168
1280,17226.363
1281,35176.184
1282,32029.596
1283,16252.926
1284,16805.32
1285,18691.764
1286,22615.324
1287,29707.191
1288,16163.376
1289,28430.008
1290,24721.098
1291,17562.225
1292,45085.37
1293,23630.398
1294,21057.69
1295,16835.447
1296,32440.404
1297,16691.797
1298,19513.219
1299,27574.627
1300,19514.465
1301,78707.25
1302,16584.652
1303,24038.553
1304,16111.033
1305,17083.695
1306,33733.27
1307,21468.02
1308,16917.373
1309,18773.303
1310,27455.805
1311,17857.682
1312,17549.146
1313,17623.332
1314,25524.281
1315,47012.953
1316,42369.16
1317,16596.537
1318,33356.824
1319,16570.455
1320,21731.201
1321,29082.2
1322,19464.688
1323,109252.08
1324,32090.229
1325,24185.541
1326,28013.074
1327,27154.15
1328,26828.34
1329,29005.086
1330,22037.904
1331,34779.89
1332,26458.729
1333,16103.552
1334,25275.236
1335,28082.355
1336,30658.447
1337,25805.273
1338,43348.176
1339,20198.96
1340,42410.598
1341,52219.367
1342,28868.754
1343,35869.684
1344,19344.229
1345,22270.426
1346,25047.51
1347,27908.488
1348,21664.525
1349,24862.49
1350,18720.611
1351,16779.248
1352,27587.752
1353,16644.17
1354,16462.207
1355,17190.273
1356,23716.691
1357,37929.74
1358,21376.305
1359,17593.791
1360,19230.11
1361,30634.07
1362,25230.393
1363,17834.059
1364,16664.834
1365,26862.21
1366,27215.621
1367,20073.498
1368,28315.494
1369,18939.922
1370,17777.797
1371,25249.65
1372,16547.982
1373,26462.715
1374,21449.947
1375,28471.17
1376,26622.344
1377,42792.465
1378,16737.771
1379,16460.37
1380,20478.572
1381,33929.54
1382,31315.371
1383,24238.582
1384,17047.45
1385,31652.654
1386,22167.059
1387,39809.105
1388,17019.57
1389,25483.078
1390,30183.52
1391,23182.146
1392,24148.203
1393,27932.348
1394,30006.8
1395,20719.326
1396,37079.39
1397,17331.19
1398,33208.465
1399,25530.588
1400,36774.973
1401,27007.322
1402,23922.438
1403,16690.54
1404,21511.633
1405,17752.55
1406,26425.139
1407,21907.31
1408,16247.579
1409,26547.752
1410,22619.295
1411,33632.66
1412,16779.63
1413,21638.92
1414,15934.0625
1415,20978.031
1416,17232.018
1417,37813.98
1418,29031.543
1419,16544.178
1420,18003.98
1421,16588.639
1422,24081.531
1423,22123.234
1424,18744.855
1425,26404.959
1426,20741.035
1427,18785.643
1428,32649.541
1429,21439.354
1430,118321.195
1431,28947.08
1432,27164.977
1433,28838.596
1434,19388.945
1435,41175.53
1436,23774.371
1437,57388.508
1438,25930.4
1439,18741.637
1440,16077.984
1441,20064.713
1442,16716.537
1443,24393.076
1444,28172.596
1445,16567.69
1446,34071.176
1447,17359.244
1448,17343.541
1449,27345.736
1450,28508.148
1451,16363.605
1452,24262.15
1453,17164.078
1454,26401.383
1455,29157.072
1456,28027.184
1457,26853.451
1458,28113.492
1459,16372.395
1460,22991.71
1461,18466.746
1462,24066.4
1463,25258.441
1464,18352.812
1465,51669.34
1466,27523.314
1467,24573.9
1468,17635.354
1469,23947.045
1470,19433.414
1471,28113.197
1472,27739.693
1473,19474.492
1474,32379.236
1475,16685.223
1476,41706.105
1477,17920.93
1478,17064.09
1479,32385.814
1480,16125.222
1481,21582.139
1482,37635.78
1483,23041.057
1484,23930.47
1485,16941.367
1486,19183.436
1487,18277.615
1488,26735.393
1489,22132.225
1490,28418.65
1491,17527.502
1492,19614.14
1493,20572.357
1494,17539.174
1495,18453.787
1496,27023.09
1497,19191.451
1498,19646.398
1499,51450.426
1500,20495.355
1501,16595.033
1502,25714.963
1503,22050.96
1504,16376.205
1505,16895.139
1506,23534.879
1507,24033.738
1508,21056.566
1509,26227.416
1510,18876.303
1511,59691.496
1512,24076.914
1513,53938.35
1514,23250.52
1515,23048.969
1516,41240.688
1517,26417.227
1518,24536.219
1519,19962.215
1520,24383.54
1521,24979.545
1522,18406.979
1523,17932.965
1524,18764.889
1525,17749.436
1526,43086.164
1527,25566.406
1528,25522.92
1529,16497.477
1530,20901.643
1531,45874.67
1532,17420.443
1533,20685.938
1534,40998.18
1535,24696.049
1536,15979.627
1537,25026.855
1538,17956.104
1539,20410.502
1540,16842.465
1541,25428.406
1542,30595.705
1543,18496.693
1544,18828.564
1545,18068.832
1546,17255.074
1547,16795.049
1548,17378.361
1549,19421.129
1550,24345.85
1551,36439.465
1552,25318.3
1553,19257.07
1554,22901.896
1555,17516.523
1556,29313.768
1557,35516.21
1558,24675.566
1559,16987.916
1560,18754.37
1561,18292.176
1562,25765.459
1563,16821.9
1564,95855.88
1565,22166.107
1566,22566.762
1567,17134.95
1568,17163.865
1569,29154.764
1570,30019.396
1571,25064.5
1572,25377.771
1573,25652.28
1574,31040.447
1575,51754.855
1576,16095.859
1577,19865.393
1578,19094.725
1579,16772.256
1580,26347.102
1581,44475.273
1582,23738.438
1583,25034.445
1584,32178.613
1585,22750.14
1586,40950.977
1587,29458.521
1588,18332.625
1589,27816.893
1590,27125.625
1591,25722.467
1592,18829.318
1593,17328.312
1594,27918.152
1595,17158.252
1596,36570.508
1597,20602.557
1598,24538.162
1599,16728.34
1600,24679.213
1601,17952.508
1602,17097.908
1603,24786.822
1604,16706.64
1605,25822.729
1606,16066.105
1607,16302.558
1608,38202.195
1609,28455.914
1610,25608.867
1611,16637.932
1612,16731.914
1613,16978.684
1614,18431.66
1615,21769.598
1616,16272.593
1617,25832.826
1618,22766.115
1619,27964.012
1620,27072.67
1621,18309.508
1622,20998.287
1623,76814.87
1624,27531.006
1625,20343.902
1626,18178.973
1627,17909.617
1628,17875.607
1629,15957.62
1630,17290.31
1631,25230.777
1632,27819.678
1633,17643.496
1634,22753.678
1635,22352.732
1636,17590.033
1637,17487.562
1638,16712.553
1639,20071.584
1640,45390.523
1641,17277.666
1642,17994.729
1643,38748.78
1644,18465.266
1645,19805.424
1646,17763.883
1647,17015.66
1648,26363.19
1649,26049.502
1650,19013.385
1651,17680.115
1652,26133.06
1653,19225.469
1654,16255.282
1655,37510.934
1656,27740.988
1657,20545.652
1658,22505.076
1659,30748.635
1660,17227.12
1661,21110.172
1662,17267.88
1663,19920.242
1664,22851.496
1665,20977.31
1666,17001.562
1667,28891.34
1668,19507.691
1669,29073.436
1670,19353.197
1671,26076.47
1672,16502.465
1673,28420.006
1674,24138.879
1675,22130.389
1676,38797.11
1677,27969.88
1678,84517.734
1679,19641.771
1680,38611.074
1681,17632.83
1682,20259.387
1683,19073.064
1684,23463.924
1685,27255.207
1686,18687.93
1687,27537.309
1688,27844.895
1689,25351.186
1690,21155.824
1691,30728.643
1692,16974.879
1693,15990.101
1694,33605.887
1695,35990.508
1696,18401.607
1697,29966.734
1698,17230.816
1699,19518.486
1700,27324.828
1701,24570.01
1702,18218.824
1703,29400.338
1704,22067.94
1705,22734.242
1706,24203.494
1707,24271.592
1708,22702.588
1709,16469.713
1710,30904.807
1711,16990.59
1712,24857.346
1713,26540.537
1714,25077.555
1715,39006.99
1716,31916.469
1717,19832.625
1718,22912.732
1719,17923.082
1720,23845.857
1721,50798.65
1722,27497.209
1723,25126.92
1724,17345.162
1725,16614.338
1726,35877.008
1727,20043.502
1728,23781.266
1729,17182.422
1730,24616.121
1731,17522.22
1732,19678.578
1733,23772.559
1734,20615.53
1735,26593.06
1736,16537.742
1737,17659.404
1738,18861.06
1739,18800.232
1740,16790.324
1741,30224.078
1742,16971.074
1743,28990.594
1744,30519.613
1745,34647.0
1746,19846.797
1747,16313.632
1748,20999.49
1749,17904.016
1750,23901.686
1751,17573.668
1752,25106.918
1753,17224.738
1754,38469.16
1755,19836.559
1756,16561.496
1757,32570.39
1758,32650.879
1759,16772.4
1760,18778.996
1761,20994.664
1762,19386.395
1763,20188.502
1764,18775.271
1765,25311.373
1766,18665.826
1767,27609.705
1768,20096.945
1769,17219.744
1770,41907.375
1771,31867.955
1772,27593.568
1773,22911.094
1774,39095.254
1775,24167.143
1776,17523.959
1777,32346.982
1778,17788.838
1779,28725.475
1780,19585.43
1781,34295.73
1782,19098.44
1783,20560.629
1784,25214.371
1785,18880.227
1786,40182.76
1787,41890.63
1788,23441.578
1789,29328.002
1790,17025.902
1791,16416.158
1792,21155.764
1793,27793.768
1794,16663.578
1795,19421.074
1796,43637.574
1797,36945.992
1798,25129.867
1799,23669.803
1800,19796.812
1801,16824.885
1802,23679.49
1803,23285.938
1804,17312.752
1805,55062.566
1806,18125.393
1807,22596.309
1808,23072.48
1809,24165.783
1810,39801.97
1811,19810.223
1812,17017.234
1813,31146.104
1814,34925.94
1815,25977.084
1816,19017.756
1817,35921.137
1818,20663.756
1819,17061.615
1820,31148.125
1821,35569.906
1822,17669.31
1823,18784.316
1824,26505.756
1825,26838.703
1826,17469.826
1827,19152.176
1828,25896.84
1829,18824.22
1830,18168.07
1831,21794.982
1832,18555.248
1833,24895.66
1834,16862.75
1835,18669.795
1836,16200.509
1837,16399.023
1838,16541.623
1839,16142.579
1840,21987.457
1841,28740.547
1842,29545.406
1843,22738.84
1844,18817.812
1845,16920.955
1846,22912.252
1847,19323.43
1848,21062.973
1849,17553.867
1850,18929.123
1851,16328.404
1852,17820.049
1853,48324.797
1854,24208.965
1855,18541.06
1856,35003.84
1857,17084.525
1858,33940.152
1859,16602.156
1860,16913.775
1861,20838.387
1862,17906.629
1863,16680.91
1864,19580.871
1865,16787.54
1866,22412.139
1867,38079.793
1868,25239.803
1869,24420.404
1870,16444.334
1871,16584.115
1872,20669.943
1873,28744.63
1874,17351.383
1875,21249.246
1876,30046.635
1877,38021.805
1878,16308.374
1879,21080.557
1880,22285.086
1881,21579.277
1882,18301.477
1883,21467.467
1884,17269.693
1885,18797.918
1886,26289.898
1887,19620.69
1888,29605.57
1889,23499.486
1890,17378.262
1891,32486.072
1892,20179.705
1893,36708.08
1894,19828.37
1895,17571.389
1896,53060.79
1897,25276.611
1898,25886.986
1899,18398.414
1900,23002.129
1901,17354.477
1902,21740.197
1903,36481.402
1904,48780.195
1905,38602.09
1906,18886.062
1907,24597.934
1908,17851.008
1909,30932.2
1910,23137.97
1911,23238.35
1912,19484.951
1913,18133.293
1914,20909.219
1915,19569.428
1916,22010.746
1917,16248.633
1918,19561.049
1919,16205.995
1920,18766.643
1921,18264.145
1922,20405.209
1923,17140.21
1924,37705.87
1925,22667.754
1926,30023.004
1927,19240.805
1928,44138.793
1929,16327.299
1930,30150.46
1931,23203.314
1932,25168.34
1933,25105.602
1934,17256.357
1935,19548.293
1936,21112.61
1937,18616.24
1938,30152.188
1939,22720.521
1940,26743.45
1941,24717.02
1942,17959.22
1943,23550.08
1944,31839.824
1945,27234.264
1946,16109.343
1947,18806.705
1948,24775.385
1949,16580.78
1950,51044.574
1951,24581.87
1952,17903.23
1953,24331.018
1954,36217.14
1955,16577.22
1956,18873.62
1957,24647.201
1958,16949.367
1959,17794.896
1960,27049.184
1961,19457.69
1962,36694.53
1963,20049.562
1964,22673.484
1965,16045.524
1966,21014.896
1967,17638.803
1968,23331.82
1969,34951.5
1970,16424.13
1971,16798.543
1972,56740.73
1973,30469.04
1974,27947.27
1975,25032.465
1976,16002.672
1977,25086.693
1978,26230.744
1979,18392.133
1980,23984.691
1981,23803.707
1982,19311.29
1983,22527.13
1984,17429.385
1985,24535.799
1986,24112.693
1987,34130.887
1988,18540.988
1989,18606.852
1990,16035.122
1991,18052.967
1992,25695.938
1993,17202.984
1994,16404.31
1995,20867.244
1996,21495.8
1997,19946.514
1998,19832.283
1999,35524.51
2000,22418.682
2001,19058.736
2002,20171.143
2003,19342.9
2004,24271.176
2005,22837.008
2006,22237.379
2007,36545.44
2008,21849.012
2009,24351.98
2010,17137.172
2011,17777.05
2012,40771.445
2013,43550.266
2014,25339.873
2015,25172.564
2016,35340.48
2017,40365.32
2018,28848.332
2019,26406.848
2020,16342.566
2021,19795.7
2022,17924.725
2023,16956.643
2024,20895.385
2025,16876.135
2026,18765.586
2027,24912.928
2028,23034.95
2029,16698.117
2030,18021.178
2031,21442.338
2032,36703.457
2033,19540.781
2034,40204.227
2035,42745.68
2036,20980.451
2037,22196.697
2038,19646.1
2039,17298.92
2040,21668.473
2041,23542.96
2042,32090.535
2043,18040.37
2044,28944.844
2045,30212.434
2046,39561.016
2047,35783.582
2048,17383.5
2049,19674.863
2050,20415.447
2051,23269.688
2052,22434.83
2053,25667.012
2054,21300.621
2055,16473.453
2056,22427.984
2057,20863.344
2058,20848.525
2059,16164.934
2060,16700.602
2061,27063.402
2062,18343.154
2063,26032.764
2064,16771.76
2065,16416.3
2066,25761.945
2067,17922.895
2068,28846.242
2069,24536.36
2070,36834.57
2071,24182.82
2072,26190.398
2073,23884.004
2074,35495.453
2075,17247.324
2076,43802.645
2077,25973.863
2078,16469.367
2079,18189.066
2080,16887.05
2081,66611.875
2082,18211.633
2083,24967.898
2084,19199.945
2085,18527.008
2086,26830.463
2087,19249.578
2088,40846.56
2089,17214.54
2090,17512.047
2091,50845.37
2092,21912.283
2093,18486.816
2094,15945.966
2095,17087.328
2096,21603.371
2097,31421.934
2098,16140.87
2099,19133.717
2100,18578.834
2101,19737.504
2102,33221.355
2103,24675.0
2104,19763.781
2105,18599.453
2106,30638.336
2107,20824.223
2108,23927.047
2109,19512.027
2110,27908.621
2111,16169.944
2112,44426.055
2113,25392.611
2114,32940.348
2115,30636.846
2116,20500.047
2117,17721.139
2118,16767.41
2119,24313.271
2120,23779.543
2121,22484.482
2122,24489.766
2123,20952.617
2124,17262.383
2125,17210.059
2126,19137.787
2127,25665.445
2128,16838.947
2129,37442.527
2130,47558.336
2131,25661.016
2132,31719.863
2133,17845.918
2134,24579.83
2135,25447.207
2136,17701.695
2137,36607.67
2138,18164.05
2139,51754.215
2140,34012.09
2141,16176.3
2142,18378.79
2143,23061.92
2144,21750.152
2145,25259.404
2146,31499.855
2147,29825.174
2148,24733.29
2149,25724.799
2150,37165.844
2151,16518.764
2152,21165.41
2153,23916.28
2154,20920.848
2155,40633.72
2156,17350.258
2157,18030.426
2158,16863.81
2159,21917.277
2160,25315.838
2161,37951.668
2162,23458.8
2163,25749.467
2164,16435.662
2165,27483.732
2166,22488.256
2167,34594.535
2168,17010.045
2169,28136.64
2170,23732.078
2171,16915.018
2172,20965.07
2173,23366.893
2174,27629.04
2175,22862.156
2176,17347.941
2177,17585.488
2178,23586.021
2179,23889.72
2180,27889.41
2181,24045.844
2182,18363.002
2183,18228.158
2184,18772.479
2185,18920.062
2186,25249.096
2187,16962.207
2188,27081.373
2189,25182.41
2190,25796.488
2191,16940.445
2192,19267.56
2193,25643.693
2194,19064.645
2195,21624.973
2196,23872.434
2197,22103.578
2198,20946.203
2199,35125.43
2200,30278.402
2201,23372.152
2202,16729.057
2203,28263.88
2204,21098.922
2205,16566.426
2206,105683.9
2207,25480.406
2208,49535.395
2209,23105.818
2210,24682.273
2211,33441.97
2212,33432.145
2213,26620.973
2214,21010.408
2215,16159.369
2216,33490.098
2217,23389.479
2218,17135.014
2219,18380.611
2220,23857.867
2221,23238.217
2222,16212.8125
2223,30611.787
2224,27147.883
2225,17308.955
2226,33384.77
2227,18514.502
2228,17431.43
2229,35039.277
2230,17296.975
2231,19238.217
2232,21808.645
2233,18024.77
2234,16769.504
2235,39654.277
2236,27693.777
2237,22596.912
2238,18303.205
2239,16524.01
2240,16354.65
2241,28175.201
2242,20506.266
2243,31569.027
2244,23567.605
2245,32669.287
2246,23140.2
2247,20067.89
2248,17404.65
2249,19181.057
2250,21023.736
2251,17820.49
2252,31240.379
2253,25085.496
2254,23446.678
2255,18306.818
2256,18708.135
2257,17303.277
2258,51591.098
2259,27573.654
2260,44278.473
2261,18169.838
2262,51852.133
2263,21780.23
2264,17872.812
2265,19127.203
2266,66298.54
2267,18289.42
2268,17127.352
2269,23632.225
2270,19587.447
2271,17813.965
2272,22403.527
2273,19242.291
2274,19468.865
2275,20248.414
2276,17103.258
2277,26769.912
2278,17747.523
2279,63290.523
2280,17185.75
2281,22002.455
2282,24517.271
2283,26658.729
2284,20536.953
2285,25597.0
2286,19457.004
2287,21949.387
2288,24030.322
2289,16581.49
2290,18267.803
2291,21371.78
2292,16813.416
2293,21268.607
2294,28774.39
2295,20149.377
2296,17050.146
2297,24622.367
2298,28567.264
2299,24103.152
2300,17449.844
2301,18008.566
2302,18799.443
2303,18309.996
2304,33260.03
2305,25989.152
2306,24605.277
2307,31034.795
2308,35219.285
2309,25874.844
2310,23538.83
2311,17740.01
2312,26974.605
2313,22409.51
2314,38085.242
2315,25405.04
2316,27267.453
2317,36186.83
2318,16417.725
2319,39940.266
2320,29819.457
2321,28035.098
2322,24458.816
2323,29151.26
2324,16613.434
2325,16339.2
2326,26367.715
2327,19276.217
2328,19710.998
2329,34495.434
2330,42932.473
2331,15967.241
2332,18016.04
2333,44688.027
2334,31280.717
2335,32423.518
2336,62675.39
2337,17845.984
2338,17796.865
2339,39671.94
2340,20003.973
2341,28358.004
2342,21463.229
2343,18213.057
2344,16673.164
2345,20710.713
2346,45696.91
2347,16227.787
2348,18539.521
2349,17307.436
2350,27219.203
2351,16466.117
2352,29972.137
2353,76135.71
2354,20510.744
2355,22190.96
2356,21658.7
2357,20613.326
2358,37990.38
2359,16533.422
2360,27019.973
2361,24168.686
2362,18905.867
2363,16127.883
2364,25907.29
2365,37390.0
2366,16820.506
2367,16602.361
2368,28471.143
2369,25926.271
2370,35423.76
2371,15994.722
2372,40496.766
2373,26978.465
2374,17212.963
2375,25658.984
2376,28872.94
2377,32598.514
2378,25203.434
2379,25987.467
2380,16046.963
2381,35148.92
2382,19175.404
2383,16505.094
2384,16889.322
2385,22753.568
2386,25548.588
2387,18696.63
2388,23886.713
2389,32639.982
2390,27703.367
2391,31366.842
2392,16796.7
2393,17213.768
2394,20119.037
2395,18320.809
2396,16669.938
2397,16772.145
2398,32551.322
2399,32542.818
2400,21621.24
2401,30094.53
2402,21038.12
2403,16616.666
2404,27924.756
2405,18867.123
2406,19509.57
2407,30939.486
2408,18567.691
2409,21450.807
2410,39754.66
2411,27634.283
2412,26718.951
2413,44036.367
2414,19639.654
2415,28640.537
2416,17149.318
2417,26809.719
2418,17337.422
2419,21222.309
2420,20867.543
2421,23398.447
2422,19590.398
2423,20374.29
2424,17277.256
2425,17177.31
2426,24226.541
2427,16481.326
2428,16065.492
2429,17358.234
2430,16216.663
2431,28805.418
2432,20291.834
2433,16777.807
2434,29391.9
2435,20750.115
2436,20918.074
2437,23202.518
2438,37433.67
2439,17611.3
2440,20794.195
2441,20227.762
2442,29032.705
2443,56520.22
2444,32685.463
2445,35911.203
2446,28279.088
2447,82338.75
2448,20798.816
2449,16998.596
2450,16231.115
2451,22973.846
2452,16765.203
2453,34486.555
2454,19456.855
2455,26720.531
2456,19867.459
2457,18341.107
2458,19239.41
2459,19981.605
2460,24897.893
2461,21107.998
2462,18685.596
2463,16072.343
2464,25040.225
2465,31000.006
2466,39458.297
2467,21445.59
2468,19588.156
2469,33718.44
2470,29237.824
2471,38572.43
2472,16174.68
2473,17135.814
2474,30653.943
2475,20607.096
2476,29295.77
2477,16889.193
2478,26194.445
2479,17856.148
2480,23745.049
2481,25057.234
2482,27641.742
2483,29959.105
2484,19513.59
2485,27487.48
2486,18991.057
2487,32449.502
2488,42360.594
2489,23600.219
2490,32354.541
2491,53937.066
2492,20719.445
2493,83404.02
2494,16260.042
2495,44126.586
2496,23238.549
2497,22591.053
2498,18099.48
2499,18601.314
2500,27087.908
2501,22801.469
2502,15918.175
2503,37452.453
2504,19312.799
2505,15995.332
2506,21507.447
2507,16199.442
2508,18055.844
2509,54630.67
2510,19681.88
2511,19409.502
2512,30903.805
2513,18245.498
2514,28216.021
2515,17499.475
2516,39069.5
2517,16419.385
2518,24309.238
2519,17852.932
2520,30639.535
2521,26882.816
2522,18684.385
2523,27106.824
2524,42325.984
2525,35820.39
2526,18975.252
2527,38389.996
2528,28105.986
2529,20121.725
2530,39975.742
2531,19722.75
2532,16678.78
2533,16837.375
2534,17253.494
2535,20465.607
2536,25772.365
2537,36937.574
2538,17564.652
2539,61085.797
2540,23914.455
2541,26617.979
2542,16715.598
2543,26212.688
2544,17863.338
2545,16053.79
2546,16008.015
2547,16861.816
2548,35818.1
2549,19669.814
2550,71795.84
2551,20492.287
2552,24856.041
2553,29490.285
2554,16633.648
2555,17794.625
2556,19404.059
2557,16406.705
2558,17001.629
2559,18973.135
2560,17234.992
2561,30929.898
2562,41846.47
2563,22628.787
2564,19037.7
2565,20522.25
2566,16267.674
2567,18607.365
2568,29217.309
2569,19526.213
2570,21076.436
2571,22440.287
2572,16805.176
2573,17261.658
2574,33430.36
2575,22547.852
2576,27598.146
2577,21481.023
2578,25080.713
2579,16999.748
2580,33896.68
2581,18837.564
2582,26587.432
2583,19457.004
2584,26615.795
2585,18762.365
2586,20285.12
2587,28430.605
2588,26240.576
2589,16763.236
2590,16987.139
2591,21826.498
2592,22734.156
2593,25653.65
2594,19549.094
2595,22830.541
2596,27484.756
2597,17783.105
2598,16685.176
2599,18204.98
2600,21985.549
2601,18737.688
2602,20037.252
2603,16229.83
2604,21973.117
2605,17796.764
2606,17892.955
2607,19325.217
2608,23540.357
2609,21441.684
2610,30238.377
2611,24216.955
2612,17159.414
2613,16330.273
2614,17126.502
2615,18643.39
2616,21054.557
2617,23013.473
2618,27752.184
2619,54543.266
2620,22759.256
2621,23331.797
2622,24140.26
2623,16307.363
2624,55508.832
2625,18470.303
2626,17952.936
2627,21997.46
2628,28380.107
2629,29109.227
2630,50893.547
2631,16747.064
2632,22368.77
2633,16152.743
2634,21336.182
2635,22358.895
2636,31709.277
2637,18906.895
2638,40150.89
2639,30424.32
2640,31252.479
2641,32601.717
2642,17169.775
2643,19991.27
2644,47088.293
2645,18281.38
2646,27313.676
2647,16850.082
2648,22044.863
2649,32746.43
2650,30942.525
2651,28938.854
2652,36778.652
2653,26807.086
2654,32938.37
2655,17835.64
2656,31598.545
2657,27402.52
2658,29430.748
2659,16005.801
2660,35677.06
2661,43711.59
2662,32769.234
2663,40064.48
2664,16351.608
2665,49946.395
2666,19486.438
2667,21095.602
2668,33842.22
2669,28857.303
2670,16726.793
2671,18364.37
2672,23630.557
2673,16110.741
2674,36697.895
2675,30818.332
2676,30040.447
2677,20092.365
2678,21270.23
2679,36069.266
2680,33731.438
2681,16746.09
2682,16434.19
2683,26448.94
2684,16855.418
2685,16355.852
2686,16592.422
2687,16494.771
2688,22566.396
2689,24530.252
2690,16955.85
2691,20391.922
2692,27181.38
2693,16400.9
2694,37850.855
2695,21171.627
2696,24473.469
2697,27352.621
2698,35186.652
2699,16041.99
2700,22875.002
2701,19981.168
2702,29891.152
2703,31963.348
2704,18979.234
2705,26422.291
2706,27922.066
2707,31893.83
2708,20017.56
2709,16206.969
2710,22330.934
2711,19335.08
2712,22589.543
2713,19509.367
2714,26842.082
2715,20858.668
2716,18413.527
2717,24407.55
2718,27672.734
2719,19396.121
2720,25642.717
2721,33822.89
2722,30509.166
2723,36093.457
2724,18371.48
2725,27750.78
2726,22039.48
2727,26499.133
2728,16672.291
2729,18267.732
2730,17618.459
2731,16747.576
2732,18440.398
2733,16006.8545
2734,23374.314
2735,23571.988
2736,17322.38
2737,24512.713
2738,45194.676
2739,17166.223
2740,21455.963
2741,18472.436
2742,24276.037
2743,34746.836
2744,18613.436
2745,27325.48
2746,16966.85
2747,16319.203
2748,35939.47
2749,35561.188
2750,26478.217
2751,17848.402
2752,26191.771
2753,36845.395
2754,26831.64
2755,17026.373
2756,34534.605
2757,16758.744
2758,16599.434
2759,31184.596
2760,17229.617
2761,26159.318
2762,31287.697
2763,40286.02
2764,17278.277
2765,25200.477
2766,22854.96
2767,18971.596
2768,18948.957
2769,24562.723
2770,19088.496
2771,25939.404
2772,24343.25
2773,32623.3
2774,22824.771
2775,19668.053
2776,39398.92
2777,17891.436
2778,26220.338
2779,39102.043
2780,18266.984
2781,17306.463
2782,39492.105
2783,18888.764
2784,24128.014
2785,55109.008
2786,23104.717
2787,21134.246
2788,37692.676
2789,56937.992
2790,20953.396
2791,18738.92
2792,21954.203
2793,16306.928
2794,17111.318
2795,26783.268
2796,19009.016
2797,30936.123
2798,18251.363
2799,29286.104
2800,23092.975
2801,20895.504
2802,17152.492
2803,26758.682
2804,23019.598
2805,26379.79
2806,22588.121
2807,17436.234
2808,24305.32
2809,24647.719
2810,18397.326
2811,16585.127
2812,26524.797
2813,16441.385
2814,22444.91
2815,20828.95
2816,17184.832
2817,17072.781
2818,19821.676
2819,16201.08
2820,31717.049
2821,18549.957
2822,26824.527
2823,23784.645
2824,19308.379
2825,26446.973
2826,23989.473
2827,34144.234
2828,28051.68
2829,16684.842
2830,43673.797
2831,36531.05
2832,28081.898
2833,25760.152
2834,21471.438
2835,40385.613
2836,18409.576
2837,17225.51
2838,26472.586
2839,32651.781
2840,16703.422
2841,30505.994
2842,27016.777
2843,17767.932
2844,23752.729
2845,37392.03
2846,16826.281
2847,16329.308
2848,16583.973
2849,23751.12
2850,18369.64
2851,17482.543
2852,17579.703
2853,18439.168
2854,35229.8
2855,44385.44
2856,34208.348
2857,27426.494
2858,20871.365
2859,24109.797
2860,19035.193
2861,29085.777
2862,34778.03
2863,16388.955
2864,26492.008
2865,55459.57
2866,31939.793
2867,38383.844
2868,17293.822
2869,23720.582
2870,16643.52
2871,17071.805
2872,24895.543
2873,22793.512
2874,27212.066
2875,19438.178
2876,16631.793
2877,31484.117
2878,22995.898
2879,24713.201
2880,16568.133
2881,27238.836
2882,20293.79
2883,22841.016
2884,25867.762
2885,31847.021
2886,127680.44
2887,28329.648
2888,39543.887
2889,24814.023
2890,16885.377
2891,18122.229
2892,25050.352
2893,19516.643
2894,39332.62
2895,24595.002
2896,31472.139
2897,33738.13
2898,19943.166
2899,18601.83
2900,27024.275
2901,28684.629
2902,19180.8
2903,17579.703
2904,33873.28
2905,28718.791
2906,76557.21
2907,19345.133
2908,24508.084
2909,17223.145
2910,16426.918
2911,18068.521
2912,20527.75
2913,17494.77
2914,16251.949
2915,28764.896
2916,21551.244
2917,19788.338
2918,20886.877
2919,20686.115
2920,17226.348
2921,25153.223
2922,27213.31
2923,17345.195
2924,17023.906
2925,25127.639
2926,32097.85
2927,38296.348
2928,19757.844
2929,17157.37
2930,21339.193
2931,23760.658
2932,21137.572
2933,20585.135
2934,19166.354
2935,18597.803
2936,23395.057
2937,27057.027
2938,24746.715
2939,16827.662
2940,24648.799
2941,30422.783
2942,27129.998
2943,20758.666
2944,23240.1
2945,44367.242
2946,18043.45
2947,28588.14
2948,24994.32
2949,16594.51
2950,28197.998
2951,29718.555
2952,23569.764
2953,37268.42
2954,18795.23
2955,17021.795
2956,16695.889
2957,27129.87
2958,18438.184
2959,16780.447
2960,25248.012
2961,26733.02
2962,22231.824
2963,16713.732
2964,22740.184
2965,22967.273
2966,28827.953
2967,28080.88
2968,19220.41
2969,20276.068
2970,27101.965
2971,21054.416
2972,26502.95
2973,18278.59
2974,17248.016
2975,24006.523
2976,32365.342
2977,27744.217
2978,17465.262
2979,23069.598
2980,20729.17
2981,16095.8125
2982,31869.627
2983,28427.676
2984,19662.781
2985,25294.77
2986,19709.645
2987,20181.13
2988,32468.293
2989,17776.102
2990,37490.336
2991,19633.773
2992,25131.258
2993,16880.482
2994,29166.139
2995,31052.795
2996,21610.809
2997,19237.557
2998,24843.576
2999,26763.2
3000,24655.97
3001,16669.54
3002,18157.418
3003,26029.586
3004,22756.477
3005,30162.8
3006,17441.607
3007,40355.465
3008,16580.13
3009,32651.658
3010,30885.713
3011,30388.941
3012,16106.255
3013,27831.646
3014,20039.795
3015,18885.773
3016,20345.764
3017,24109.037
3018,16303.087
3019,19616.2
3020,20315.633
3021,21435.387
3022,17131.256
3023,18651.535
3024,17435.719
3025,33867.08
3026,17352.59
3027,15917.097
3028,30195.928
3029,17456.418
3030,20852.383
3031,29485.336
3032,23175.316
3033,19930.312
3034,17602.402
3035,35905.21
3036,23193.889
3037,24129.465
3038,17080.258
3039,23696.297
3040,20033.03
3041,24571.135
3042,17661.932
3043,25945.318
3044,19646.68
3045,32536.518
3046,17092.74
3047,20922.805
3048,24264.256
3049,24675.0
3050,16743.967
3051,17041.938
3052,20697.088
3053,23613.795
3054,21220.771
3055,33237.55
3056,25902.348
3057,23117.59
3058,16443.096
3059,16045.233
3060,37479.004
3061,19268.129
3062,17287.838
3063,19650.953
3064,44161.32
3065,16850.258
3066,33559.734
3067,32320.154
3068,21447.473
3069,20989.7
3070,16289.813
3071,16118.087
3072,27095.736
3073,18492.318
3074,23521.281
3075,21284.924
3076,20430.23
3077,31261.66
3078,38160.793
3079,19389.834
3080,25718.887
3081,16082.785
3082,20466.135
3083,17014.799
3084,17356.182
3085,25426.37
3086,21433.648
3087,16374.519
3088,21506.28
3089,20569.355
3090,29373.992
3091,21026.625
3092,23072.963
3093,22421.889
3094,16161.649
3095,17140.898
3096,17752.72
3097,22999.168
3098,20328.057
3099,39336.11
3100,16783.457
3101,23277.012
3102,23507.96
3103,29358.56
3104,21578.455
3105,20402.057
3106,16688.453
3107,20565.158
3108,16367.991
3109,32565.762
3110,26012.287
3111,16384.297
3112,21543.723
3113,25555.314
3114,16199.922
3115,21105.482
3116,18690.266
3117,16616.604
3118,25377.723
3119,53241.55
3120,16902.924
3121,18883.342
3122,31172.582
3123,45126.582
3124,16855.658
3125,16909.115
3126,16575.861
3127,53097.996
3128,16864.373
3129,17662.387
3130,19647.186
3131,32029.414
3132,44262.77
3133,19872.936
3134,23623.053
3135,44703.332
3136,19598.695
3137,18923.582
3138,18837.635
3139,16198.794
3140,18226.455
3141,24390.006
3142,30851.15
3143,32098.738
3144,39585.242
3145,33877.836
3146,25663.56
3147,18520.047
3148,26122.87
3149,17008.342
3150,37208.402
3151,19143.592
3152,17205.25
3153,73790.07
3154,32617.639
3155,20997.486
3156,34779.027
3157,19798.494
3158,26407.377
3159,16244.759
3160,16613.734
3161,18904.588
3162,17880.945
3163,19100.533
3164,27048.668
3165,26073.264
3166,42251.496
3167,27630.041
3168,24327.791
3169,16531.924
3170,50180.39
3171,20479.959
3172,19756.488
3173,59138.633
3174,23805.568
3175,18996.4
3176,86739.734
3177,18978.328
3178,21501.768
3179,36761.996
3180,25236.12
3181,29034.672
3182,23860.416
3183,16131.882
3184,20733.52
3185,17115.072
3186,18473.969
3187,19763.592
3188,26272.129
3189,19684.209
3190,18768.129
3191,19610.81
3192,22921.234
3193,41430.62
3194,22323.162
3195,34562.316
3196,18547.037
3197,23047.76
3198,19478.783
3199,16207.123
3200,23407.555
3201,18351.973
3202,17828.94
3203,23989.723
3204,35646.008
3205,24261.617
3206,20861.215
3207,19709.174
3208,20705.045
3209,33890.83
3210,19453.756
3211,23161.615
3212,37624.617
3213,24692.186
3214,20969.07
3215,16319.172
3216,25018.479
3217,24222.87
3218,31797.19
3219,26922.252
3220,20463.54
3221,22899.668
3222,21194.053
3223,24992.078
3224,18330.02
3225,43862.3
3226,20646.086
3227,43405.43
3228,24621.943
3229,31094.018
3230,45559.098
3231,16834.227
3232,20239.205
3233,16682.725
3234,21714.316
3235,16922.666
3236,23737.057
3237,18809.432
3238,23382.72
3239,32108.045
3240,38027.86
3241,42502.836
3242,16748.47
3243,17452.19
3244,21574.504
3245,26153.605
3246,23668.133
3247,28935.902
3248,20954.775
3249,28092.238
3250,17166.436
3251,23618.053
3252,19135.506
3253,20774.035
3254,16596.854
3255,24938.508
3256,26679.71
3257,23114.922
3258,17875.676
3259,74925.234
3260,24833.2
3261,17364.594
3262,23923.488
3263,16481.451
3264,39622.184
3265,26638.727
3266,24959.684
3267,16572.637
3268,18325.107
3269,20417.2
3270,16840.94
3271,31254.982
3272,22844.566
3273,31467.277
3274,28509.809
3275,16972.807
3276,17997.303
3277,18722.701
3278,23426.158
3279,27540.041
3280,16745.516
3281,18177.482
3282,40067.918
3283,18072.676
3284,20222.418
3285,35639.55
3286,42354.492
3287,16876.346
3288,16649.488
3289,19614.104
3290,17647.72
3291,27857.299
3292,40063.258
3293,29283.508
3294,17503.248
3295,16964.795
3296,33526.883
3297,35894.805
3298,29911.428
3299,23091.389
3300,21437.84
3301,21152.816
3302,17369.861
3303,29540.56
3304,25560.14
3305,27239.875
3306,26066.924
3307,23973.232
3308,27764.545
3309,20922.445
3310,17268.854
3311,24004.852
3312,17324.182
3313,17129.393
3314,17212.34
3315,16518.732
3316,26168.451
3317,18847.16
3318,27635.627
3319,21954.79
3320,21567.385
3321,16603.598
3322,24074.596
3323,22192.549
3324,24005.516
3325,17000.654
3326,16865.082
3327,51534.793
3328,16122.192
3329,17242.54
3330,28558.656
3331,17516.29
3332,16963.71
3333,19288.244
3334,16100.327
3335,16259.251
3336,16920.973
3337,24927.283
3338,56802.293
3339,23856.615
3340,16594.86
3341,15966.008
3342,26319.803
3343,19032.018
3344,26861.469
3345,18965.717
3346,16006.03
3347,29252.19
3348,22096.96
3349,27408.373
3350,22950.787
3351,17965.098
3352,16400.916
3353,16522.828
3354,18807.227
3355,38044.582
3356,16744.43
3357,27395.541
3358,25904.77
3359,25995.053
3360,25351.21
3361,29483.367
3362,24251.602
3363,22178.393
3364,23238.703
3365,24239.438
3366,17315.064
3367,21153.584
3368,19674.074
3369,18149.523
3370,22921.453
3371,16735.17
3372,29991.238
3373,30204.166
3374,38138.418
3375,18727.701
3376,23244.09
3377,16029.953
3378,16254.228
3379,22295.248
3380,21805.338
3381,16148.754
3382,19730.428
3383,16577.963
3384,15864.734
3385,21952.025
3386,20987.176
3387,18881.217
3388,17631.385
3389,38152.68
3390,22207.05
3391,31734.629
3392,24141.78
3393,27042.092
3394,19630.404
3395,31005.121
3396,16485.318
3397,22279.795
3398,16727.127
3399,17426.893
3400,23574.012
3401,29139.643
3402,18813.738
3403,20968.049
3404,22818.523
3405,16009.007
3406,42913.027
3407,28557.402
3408,20048.3
3409,18096.822
3410,26139.842
3411,28357.652
3412,17969.826
3413,21795.254
3414,18857.21
3415,26686.074
3416,24609.104
3417,25397.334
3418,19002.543
3419,18484.438
3420,18247.865
3421,36738.934
3422,25724.062
3423,18264.807
3424,16229.846
3425,45186.355
3426,17692.21
3427,25526.643
3428,22434.658
3429,30013.814
3430,18797.166
3431,23746.998
3432,16152.743
3433,18056.412
3434,23343.482
3435,29460.629
3436,22168.01
3437,29959.02
3438,34672.188
3439,19045.271
3440,17118.484
3441,27697.158
3442,16198.654
3443,18316.232
3444,35017.16
3445,24195.67
3446,26324.195
3447,22537.875
3448,38126.598
3449,17531.432
3450,40614.97
3451,26749.725
3452,27774.9
3453,29336.059
3454,19086.586
3455,46739.89
3456,31528.738
3457,16671.559
3458,35702.383
3459,27286.807
3460,18756.533
3461,17592.55
3462,25118.773
3463,20052.088
3464,22666.846
3465,56304.48
3466,26877.305
3467,16400.135
3468,25606.133
3469,16739.479
3470,17765.05
3471,28049.54
3472,17237.475
3473,27329.467
3474,20214.648
3475,43341.562
3476,17353.766
3477,36977.965
3478,19573.74
3479,16763.188
3480,27735.805
3481,16436.557
3482,32042.674
3483,20444.498
3484,17179.064
3485,15988.606
3486,22440.844
3487,40864.016
3488,24022.807
3489,18392.729
3490,16725.373
3491,49397.785
3492,30916.715
3493,26376.14
3494,39524.36
3495,16605.514
3496,30573.684
3497,26944.137
3498,22088.658
3499,16450.922
3500,18966.043
3501,17073.172
3502,16981.63
3503,18513.69
3504,17262.299
3505,17422.488
3506,16780.24
3507,20897.318
3508,18369.781
3509,28472.31
3510,17073.434
3511,18068.143
3512,17361.148
3513,28680.965
3514,47955.355
3515,26865.85
3516,19180.068
3517,16074.796
3518,21729.336
3519,17629.182
3520,15930.978
3521,16362.778
3522,33116.902
3523,44794.402
3524,23665.041
3525,24462.129
3526,26802.484
3527,36345.72
3528,24923.55
3529,26237.398
3530,21685.404
3531,16647.312
3532,18739.887
3533,22555.615
3534,20166.45
3535,18435.229
3536,15981.7
3537,29711.357
3538,23626.252
3539,32710.752
3540,17149.744
3541,29243.066
3542,18753.85
3543,20990.799
3544,15870.727
3545,51767.543
3546,38924.008
3547,26666.459
3548,19111.904
3549,25642.398
3550,17152.69
3551,30598.77
3552,16019.5
3553,17430.432
3554,36649.977
3555,35635.777
3556,50961.3
3557,18107.613
3558,19989.648
3559,19678.314
3560,22106.805
3561,18402.537
3562,36936.76
3563,16733.621
3564,27260.795
3565,36605.684
3566,19746.203
3567,29382.146
3568,17258.234
3569,26317.217
3570,15919.161
3571,26029.46
3572,18788.078
3573,16409.021
3574,16327.36
3575,26735.188
3576,19424.816
3577,18589.256
3578,23787.23
3579,17089.186
3580,24828.297
3581,29191.518
3582,17592.717
3583,18761.023
3584,32491.184
3585,28120.143
3586,18041.643
3587,22214.486
3588,17338.793
3589,26377.373
3590,23986.979
3591,27023.916
3592,23506.256
3593,38903.04
3594,34037.3
3595,18799.604
3596,20222.092
3597,17675.074
3598,27657.959
3599,33671.977
3600,16235.403
3601,30216.67
3602,17835.248
3603,16664.596
3604,27964.172
3605,24419.89
3606,18280.734
3607,18798.87
3608,38988.69
3609,21358.025
3610,31912.178
3611,18463.717
3612,20943.607
3613,17995.227
3614,16909.18
3615,26389.502
3616,22731.555
3617,26457.568
3618,16302.34
3619,28145.041
3620,88477.29
3621,33566.395
3622,76543.195
3623,31371.838
3624,17395.64
3625,18038.494
3626,26007.7
3627,21162.906
3628,18011.676
3629,20107.451
3630,21634.38
3631,19639.242
3632,20206.166
3633,24757.125
3634,29235.287
3635,31078.273
3636,30421.072
3637,18754.62
3638,25777.305
3639,24174.91
3640,24328.418
3641,28930.05
3642,26401.156
3643,17223.293
3644,31032.81
3645,18765.605
3646,16305.45
3647,16672.387
3648,21152.959
3649,17323.34
3650,17124.9
3651,26954.11
3652,21400.232
3653,34227.633
3654,33698.125
3655,16390.064
3656,28810.582
3657,17469.76
3658,20962.23
3659,19402.69
3660,20608.373
3661,27253.7
3662,31615.547
3663,16890.258
3664,26094.682
3665,35006.81
3666,36525.72
3667,43674.086
3668,30727.09
3669,28670.873
3670,18799.174
3671,17087.639
3672,16233.917
3673,25113.336
3674,28848.086
3675,16552.97
3676,24491.121
3677,26909.982
3678,18471.713
3679,22394.727
3680,48467.742
3681,16970.832
3682,31649.275
3683,20817.451
3684,31719.076
3685,17665.232
3686,31553.133
3687,23163.604
3688,16060.514
3689,18319.709
3690,33641.516
3691,21121.893
3692,28010.75
3693,27542.482
3694,23817.129
3695,18499.957
3696,16222.154
3697,21986.2
3698,27613.285
3699,17288.314
3700,25889.455
3701,19074.775
3702,58627.613
3703,17708.973
3704,35320.734
3705,30811.662
3706,34517.746
3707,17736.102
3708,17417.22
3709,16939.734
3710,31064.2
3711,24595.049
3712,25237.66
3713,18126.775
3714,36164.23
3715,22656.926
3716,17267.965
3717,25606.205
3718,27897.791
3719,30743.064
3720,32518.154
3721,24939.553
3722,38069.227
3723,19918.209
3724,20192.143
3725,26804.861
3726,25631.787
3727,18609.62
3728,24453.754
3729,21231.258
3730,24053.527
3731,26708.021
3732,28656.63
3733,19672.686
3734,15975.162
3735,25632.984
3736,17434.588
3737,26591.006
3738,23746.227
3739,16254.646
3740,21499.799
3741,23436.438
3742,71624.6
3743,35225.637
3744,85490.2
3745,31337.719
3746,17099.148
3747,17060.217
3748,16312.403
3749,17176.87
3750,23532.14
3751,26033.63
3752,16953.28
3753,23681.387
3754,23581.635
3755,18158.389
3756,22187.406
3757,17248.574
3758,17301.445
3759,23578.98
3760,26112.357
3761,25478.559
3762,16116.043
3763,31338.586
3764,17077.912
3765,18309.158
3766,17392.404
3767,23768.297
3768,47782.29
3769,36948.004
3770,16696.588
3771,17525.396
3772,24913.594
3773,45508.332
3774,26351.55
3775,33477.74
3776,17832.494
3777,27398.363
3778,27673.896
3779,16700.22
3780,19093.158
3781,43615.23
3782,17099.408
3783,16450.482
3784,25355.006
3785,27537.598
3786,16142.024
3787,16005.511
3788,25270.15
3789,17432.062
3790,43834.2
3791,16379.173
3792,20459.479
3793,20378.74
3794,34862.215
3795,17159.398
3796,19622.148
3797,25683.713
3798,37836.31
3799,17793.25
3800,18367.906
3801,21312.305
3802,15992.663
3803,23377.102
3804,36128.344
3805,36681.69
3806,27164.303
3807,35994.73
3808,24965.326
3809,16666.582
3810,29146.479
3811,16441.385
3812,23225.498
3813,20612.58
3814,31666.846
3815,16591.455
3816,16636.424
3817,31663.705
3818,17004.953
3819,20103.732
3820,45218.3
3821,18162.424
3822,16124.576
3823,19537.26
3824,16039.634
3825,28402.475
3826,17014.312
3827,17687.217
3828,27450.7
3829,16543.012
3830,35479.14
3831,20236.58
3832,35807.617
3833,18052.037
3834,34224.336
3835,24025.648
3836,18547.25
3837,28382.707
3838,30296.572
3839,18300.568
3840,18159.184
3841,22118.045
3842,35835.973
3843,24863.082
3844,31199.975
3845,20236.117
3846,16578.66
3847,31172.553
3848,25616.121
3849,18691.371
3850,21281.615
3851,36524.29
3852,18210.504
3853,19173.21
3854,41496.42
3855,15943.867
3856,16158.413
3857,29184.697
3858,18262.352
3859,16351.25
3860,22051.549
3861,17685.293
3862,18193.768
3863,17377.697
3864,36985.37
3865,31362.715
3866,27995.232
3867,25336.635
3868,37831.98
3869,15989.72
3870,17457.084
3871,18467.326
3872,27092.041
3873,34647.727
3874,17271.242
3875,16874.816
3876,20237.352
3877,17265.164
3878,28934.191
3879,33849.934
3880,22293.844
3881,26446.24
3882,31007.812
3883,26476.953
3884,18317.508
3885,23466.588
3886,16174.834
3887,58987.223
3888,17208.598
3889,18143.033
3890,23555.066
3891,39356.67
3892,22815.434
3893,51427.27
3894,36756.246
3895,17239.578
3896,16720.365
3897,28731.53
3898,15911.83
3899,23679.58
3900,18850.45
3901,26704.125
3902,19826.895
3903,26667.398
3904,22893.576
3905,20869.254
3906,32372.443
3907,18207.064
3908,26406.193
3909,28336.754
3910,16820.201
3911,21586.008
3912,18828.564
3913,16460.637
3914,20132.166
3915,17547.172
3916,45104.508
3917,19646.68
3918,17919.494
3919,16829.893
3920,17864.889
3921,16859.951
3922,18070.176
3923,20191.295
3924,28661.113
3925,17469.375
3926,29728.676
3927,16082.678
3928,50809.31
3929,25395.664
3930,25120.379
3931,30167.893
3932,16366.618
3933,19755.375
3934,22427.92
3935,37811.24
3936,16886.617
3937,33093.16
3938,16991.416
3939,30141.463
3940,30539.324
3941,17802.67
3942,20484.412
3943,16595.744
3944,19276.014
3945,25518.758
3946,41007.215
3947,80115.02
3948,16419.135
3949,30373.412
3950,18268.344
3951,25489.082
3952,40333.88
3953,24651.809
3954,29913.482
3955,19790.262
3956,26010.924
3957,18372.023
3958,33995.777
3959,28556.287
3960,28668.932
3961,27728.135
3962,18516.744
3963,16759.943
3964,17397.2
3965,15952.826
3966,27608.783
3967,25954.723
3968,28174.879
3969,16510.494
3970,19692.133
3971,28924.176
3972,16362.389
3973,25633.57
3974,21647.508
3975,16115.428
3976,16957.84
3977,23626.568
3978,23602.11
3979,16532.113
3980,18699.537
3981,88361.85
3982,16297.428
3983,23594.863
3984,17075.533
3985,19328.111
3986,17805.574
3987,31184.922
3988,32163.764
3989,16064.328
3990,24905.041
3991,26742.021
3992,23642.707
3993,20353.004
3994,19303.352
3995,19897.57
3996,22728.129
3997,17084.494
3998,25323.639
3999,17632.092
4000,20337.732
4001,16936.78
4002,43384.734
4003,17283.469
4004,25763.838
4005,30788.426
4006,15896.465
4007,37504.46
4008,22305.584
4009,24060.57
4010,20955.475
4011,19593.164
4012,28722.078
4013,16985.324
4014,23755.492
4015,23721.486
4016,23736.332
4017,29355.51
4018,17273.137
4019,19506.705
4020,18197.691
4021,29300.799
4022,35978.805
4023,21008.043
4024,17287.656
4025,20981.473
4026,27013.273
4027,20789.258
4028,18115.852
4029,22953.807
4030,24031.605
4031,29015.848
4032,25618.71
4033,22966.135
4034,24152.465
4035,25486.773
4036,24844.334
4037,29509.895
4038,16756.523
4039,16666.615
4040,22331.38
4041,16152.943
4042,17295.77
4043,27085.195
4044,16761.973
4045,28410.006
4046,17250.188
4047,19591.855
4048,16656.588
4049,16695.314
4050,18886.045
4051,22634.033
4052,24994.295
4053,27594.174
4054,20072.178
4055,19693.486
4056,21523.904
4057,37594.703
4058,18350.8
4059,34143.355
4060,30818.479
4061,25593.924
4062,32986.5
4063,23748.605
4064,26069.137
4065,16668.904
4066,16160.679
4067,16922.295
4068,16043.214
4069,24222.799
4070,43921.74
4071,16612.578
4072,31511.303
4073,33294.023
4074,22596.826
4075,31728.152
4076,33918.28
4077,26375.588
4078,21005.299
4079,27721.92
4080,17086.758
4081,19515.117
4082,18332.713
4083,18610.045
4084,23687.215
4085,17701.307
4086,16646.932
4087,16627.32
4088,24612.787
4089,28016.36
4090,23582.602
4091,17190.914
4092,16332.858
4093,16203.738
4094,20326.273
4095,29208.506
4096,54239.137
4097,42592.43
4098,35529.9
4099,18039.646
4100,18914.85
4101,30642.135
4102,24301.959
4103,20791.498
4104,20624.201
4105,24618.375
4106,21548.594
4107,23694.738
4108,17414.746
4109,21712.742
4110,24363.34
4111,18226.959
4112,16909.066
4113,20600.65
4114,26175.516
4115,17483.627
4116,15955.9
4117,22977.484
4118,17360.04
4119,26994.498
4120,16202.193
4121,23453.564
4122,31672.494
4123,22935.797
4124,30602.768
4125,18911.621
4126,35852.586
4127,41116.2
4128,18287.623
4129,23820.809
4130,19382.309
4131,16369.396
4132,16360.329
4133,27245.955
4134,24839.334
4135,25428.963
4136,18092.44
4137,19020.893
4138,18988.54
4139,23400.1
4140,23503.857
4141,26015.537
4142,87198.984
4143,29951.791
4144,31379.139
4145,19091.209
4146,22870.814
4147,57871.89
4148,30262.092
4149,33955.953
4150,21814.822
4151,17349.943
4152,25647.852
4153,19749.178
4154,23799.236
4155,15918.145
4156,18773.498
4157,22851.082
4158,27118.125
4159,21011.75
4160,24606.264
4161,16079.059
4162,68516.13
4163,25720.75
4164,27396.117
4165,22410.516
4166,18318.87
4167,22974.0
4168,24049.742
4169,17110.715
4170,16844.826
4171,17398.494
4172,23561.336
4173,31395.004
4174,18544.12
4175,16031.528
4176,18013.152
4177,21448.617
4178,27732.523
4179,28185.576
4180,26267.969
4181,32337.914
4182,30099.379
4183,16145.936
4184,29522.844
4185,37706.914
4186,26398.463
4187,23924.014
4188,21442.871
4189,28778.975
4190,24896.943
4191,22665.916
4192,20426.588
4193,18280.717
4194,17809.344
4195,16496.092
4196,16380.157
4197,22524.037
4198,21267.533
4199,31125.438
4200,22919.857
4201,27012.965
4202,30289.234
4203,40573.31
4204,18224.664
4205,27487.586
4206,25864.826
4207,23963.725
4208,32868.234
4209,27361.857
4210,25377.893
4211,24599.506
4212,16141.455
4213,36904.05
4214,19527.348
4215,25167.21
4216,24424.783
4217,24974.875
4218,16502.088
4219,33922.355
4220,18575.557
4221,19360.656
4222,18584.045
4223,21087.596
4224,18310.225
4225,17809.293
4226,16433.281
4227,16560.58
4228,16526.043
4229,23591.285
4230,20614.545
4231,28131.275
4232,26817.672
4233,33343.086
4234,22026.516
4235,18110.566
4236,28445.414
4237,27846.621
4238,24307.291
4239,17446.082
4240,27432.59
4241,24109.566
4242,27008.225
4243,17428.32
4244,30141.951
4245,17142.777
4246,16204.959
4247,85369.46
4248,24214.414
4249,18870.037
4250,16413.826
4251,20163.988
4252,18299.645
4253,26648.79
4254,20550.18
4255,36484.22
4256,23920.408
4257,22456.236
4258,29796.6
4259,16680.387
4260,25046.219
4261,41447.973
4262,20105.994
4263,25363.35
4264,23676.305
4265,34258.855
4266,31579.055
4267,22543.357
4268,16918.535
4269,27022.473
4270,19067.062
4271,16006.365
4272,57477.35
4273,24603.4
4274,27317.559
4275,25182.312
4276,23805.932
4277,42678.227
4278,16968.242
4279,27152.648
4280,17619.146
4281,22969.969
4282,36826.668
4283,18983.416
4284,23389.746
4285,25082.65
4286,53398.527
4287,16911.227
4288,16528.203
4289,16734.562
4290,17150.35
4291,23945.219
4292,25242.812
4293,19197.363
4294,29370.771
4295,25577.209
4296,27824.348
4297,17165.928
4298,23166.012
4299,27493.564
4300,26187.875
4301,21574.977
4302,20966.33
4303,17124.72
4304,16970.912
4305,18887.719
4306,17517.275
4307,31521.703
4308,35887.855
4309,24953.258
4310,29433.809
4311,32320.8
4312,16291.476
4313,17245.037
4314,28827.459
4315,22645.562
4316,16449.494
4317,28250.89
4318,16290.699
4319,16214.467
4320,20375.416
4321,37608.582
4322,27041.42
4323,23214.912
4324,20474.178
4325,16255.546
4326,20028.273
4327,31969.506
4328,19998.727
4329,20728.932
4330,43831.523
4331,24609.197
4332,30979.555
4333,19593.967
4334,15983.361
4335,20350.635
4336,54495.273
4337,19653.8
4338,16641.79
4339,18685.025
4340,19743.17
4341,29149.703
4342,25772.12
4343,19108.824
4344,19165.586
4345,24754.717
4346,23595.695
4347,19154.896
4348,27055.17
4349,36238.426
4350,31543.596
4351,24093.062
4352,27343.754
4353,27624.455
4354,29531.32
4355,26136.95
4356,16778.639
4357,16479.172
4358,16212.8125
4359,23146.225
4360,18792.9
4361,16446.2
4362,26651.99
4363,16642.486
4364,21104.154
4365,17864.734
4366,26411.104
4367,16048.586
4368,20694.205
4369,27231.484
4370,34046.297
4371,24450.07
4372,25216.584
4373,44371.008
4374,18595.355
4375,27873.908
4376,18657.584
4377,21404.273
4378,32849.09
4379,26600.01
4380,17988.123
4381,22980.025
4382,19183.215
4383,38758.316
4384,17305.01
4385,26752.404
4386,24398.031
4387,16737.068
4388,21562.1
4389,18347.738
4390,21771.652
4391,19171.438
4392,21481.475
4393,16546.246
4394,24358.623
4395,16844.168
4396,24106.463
4397,17035.227
4398,26064.09
4399,16797.725
4400,19213.977
4401,28904.9
4402,27802.914
4403,17809.26
4404,17481.576
4405,27012.396
4406,23884.344
4407,16412.965
4408,28355.57
4409,26239.602
4410,17657.586
4411,28759.3
4412,18301.686
4413,20836.082
4414,29367.186
4415,17239.973
4416,38585.418
4417,16094.462
4418,35252.387
4419,39556.94
4420,21625.22
4421,19141.748
4422,73730.91
4423,22413.252
4424,36026.188
4425,32702.924
4426,38177.65
4427,18350.904
4428,17267.486
4429,18393.904
4430,18872.973
4431,38285.61
4432,26793.156
4433,26552.234
4434,22845.33
4435,21546.477
4436,19063.645
4437,16425.744
4438,16802.436
4439,26472.232
4440,26790.88
4441,27440.387
4442,29192.186
4443,19961.035
4444,25308.74
4445,24027.252
4446,17580.205
4447,40472.133
4448,28568.627
4449,20097.041
4450,27431.438
4451,31061.385
4452,16678.875
4453,18047.613
4454,27382.324
4455,16048.004
4456,16386.562
4457,25651.154
4458,16510.777
4459,18936.418
4460,25385.953
4461,17272.443
4462,26745.158
4463,25167.066
4464,27815.459
4465,18090.283
4466,28367.47
4467,22227.668
4468,17148.992
4469,26205.014
4470,27904.39
4471,24083.828
4472,18192.068
4473,19804.102
4474,28658.652
4475,23817.264
4476,30493.836
4477,27601.28
4478,16198.393
4479,23113.93
4480,18729.059
4481,18120.777
4482,17472.375
4483,17358.318
4484,23738.031
4485,19207.217
4486,27240.291
4487,35737.676
4488,22303.35
4489,26532.262
4490,18820.826
4491,16632.174
4492,17208.04
4493,19395.77
4494,30696.568
4495,16950.562
4496,31783.363
4497,16503.96
4498,19126.803
4499,17453.256
4500,19319.1
4501,51023.5
4502,17660.5
4503,18458.453
4504,35209.65
4505,16915.97
4506,23904.17
4507,18304.793
4508,17580.86
4509,28006.049
4510,24339.768
4511,24333.57
4512,29258.633
4513,18181.61
4514,17572.008
4515,16796.172
4516,24135.678
4517,16312.886
4518,45775.684
4519,30117.355
4520,30596.494
4521,17417.47
4522,16953.926
4523,32773.453
4524,16194.994
4525,23425.621
4526,21762.664
4527,16777.375
4528,17409.117
4529,25377.31
4530,16681.451
4531,33146.92
4532,19333.697
4533,23940.652
4534,20741.965
4535,22408.635
4536,32485.111
4537,120154.125
4538,18413.44
4539,17228.96
4540,18781.844
4541,16940.656
4542,36657.875
4543,16630.54
4544,15930.933
4545,69605.336
4546,16462.834
4547,31720.348
4548,22303.053
4549,25102.393
4550,24493.223
4551,16473.373
4552,27870.133
4553,17759.479
4554,16685.35
4555,19245.63
4556,20029.477
4557,16546.734
4558,33938.375
4559,18299.156
4560,23713.186
4561,26014.148
4562,34524.1
4563,27317.715
4564,27459.13
4565,20400.168
4566,22462.984
4567,23689.52
4568,24193.154
4569,23632.383
4570,16677.06
4571,20010.555
4572,19289.201
4573,16807.084
4574,24133.791
4575,44915.55
4576,19465.615
4577,16714.465
4578,22651.33
4579,16997.932
4580,19873.465
4581,16160.263
4582,26187.8
4583,27450.936
4584,18404.943
4585,28079.248
4586,18348.682
4587,18596.969
4588,26345.922
4589,17398.742
4590,16395.225
4591,16613.545
4592,16855.867
4593,18146.148
4594,16288.57
4595,26205.338
4596,19219.2
4597,24115.867
4598,20481.307
4599,19035.865
4600,19479.246
4601,18494.488
4602,29505.195
4603,18537.383
4604,23494.646
4605,50602.047
4606,46494.97
4607,26870.95
4608,17782.986
4609,19277.816
4610,16838.273
4611,17659.102
4612,16378.485
4613,19115.277
4614,27355.23
4615,28740.025
4616,17725.787
4617,17131.697
4618,19027.426
4619,22895.803
4620,23272.549
4621,21145.738
4622,29020.275
4623,19986.256
4624,22792.38
4625,16515.297
4626,18776.848
4627,18371.973
4628,26895.588
4629,36813.36
4630,23759.615
4631,22852.434
4632,16916.664
4633,34665.574
4634,29055.78
4635,18281.416
4636,17698.54
4637,39848.074
4638,20027.738
4639,20097.98
4640,32858.363
4641,23148.564
4642,82139.93
4643,35264.39
4644,16292.361
4645,26592.021
4646,19506.873
4647,19676.57
4648,36830.39
4649,27461.463
4650,17768.389
4651,27595.332
4652,37736.13
4653,22451.867
4654,23957.395
4655,32721.08
4656,16132.405
4657,36393.17
4658,27792.23
4659,21753.74
4660,19599.293
4661,31298.89
4662,17648.88
4663,19054.084
4664,17066.303
4665,28718.572
4666,21458.295
4667,19852.836
4668,16900.86
4669,37708.895
4670,19552.3
4671,28567.182
4672,29148.898
4673,23004.826
4674,26574.857
4675,27606.729
4676,21753.865
4677,29542.137
4678,23739.207
4679,21901.752
4680,16232.818
4681,18439.854
4682,31264.342
4683,35612.438
4684,16893.785
4685,18516.303
4686,21425.045
4687,27618.922
4688,25038.338
4689,16535.092
4690,17847.262
4691,28226.732
4692,35420.586
4693,17352.06
4694,18873.547
4695,48224.848
4696,21998.406
4697,35636.863
4698,17782.834
4699,19311.75
4700,17219.729
4701,22529.043
4702,28443.025
4703,17954.512
4704,27118.54
4705,17164.357
4706,39680.984
4707,20389.295
4708,31978.229
4709,25962.225
4710,25968.34
4711,16324.324
4712,15991.58
4713,16084.656
4714,21834.201
4715,16370.209
4716,17238.953
4717,43481.207
4718,43557.08
4719,30401.406
4720,18219.902
4721,25414.37
4722,32885.48
4723,18490.043
4724,28189.77
4725,17462.246
4726,36527.184
4727,27722.873
4728,17444.635
4729,42609.617
4730,20215.63
4731,16715.008
4732,18680.072
4733,25801.557
4734,17511.045
4735,16560.943
4736,20040.31
4737,22231.549
4738,19459.082
4739,16763.332
4740,107350.34
4741,21658.266
4742,24259.744
4743,23386.424
4744,26895.922
4745,22573.348
4746,17199.523
4747,23708.098
4748,30475.635
4749,19150.258
4750,18235.705
4751,16352.373
4752,33900.105
4753,16667.521
4754,19675.332
4755,23341.502
4756,16390.424
4757,19341.24
4758,18002.041
4759,16108.375
4760,16317.087
4761,21749.115
4762,17084.412
4763,26223.264
4764,21379.059
4765,23797.17
4766,23543.006
4767,25907.535
4768,18696.791
4769,16747.688
4770,16085.699
4771,17166.271
4772,24195.094
4773,25655.584
4774,16704.633
4775,22009.76
4776,19695.139
4777,23756.398
4778,24105.773
4779,31584.566
4780,28450.73
4781,25456.918
4782,25232.775
4783,17496.771
4784,22112.75
4785,25633.521
4786,23994.482
4787,17262.777
4788,17129.164
4789,18526.865
4790,18024.117
4791,32362.781
4792,17571.07
4793,23112.959
4794,19131.545
4795,16492.63
4796,18839.684
4797,19353.475
4798,16991.432
4799,18208.906
4800,17926.93
4801,16749.35
4802,26967.145
4803,27585.885
4804,31661.139
4805,16316.386
4806,23393.227
4807,20729.07
4808,19511.021
4809,32769.984
4810,16235.6045
4811,16594.004
4812,17516.957
4813,32438.982
4814,40541.98
4815,21448.31
4816,24013.508
4817,22550.195
4818,25953.758
4819,17485.762
4820,16868.861
4821,17498.758
4822,26409.04
4823,19055.955
4824,18320.059
4825,18269.092
4826,17737.066
4827,27618.553
4828,40133.05
4829,18995.531
4830,16930.125
4831,19138.408
4832,19218.338
4833,20687.496
4834,37121.812
4835,23109.434
4836,20750.314
4837,16259.794
4838,18380.385
4839,27250.555
4840,29453.773
4841,31717.412
4842,28113.412
4843,22077.559
4844,17361.314
4845,18398.045
4846,35345.605
4847,20823.527
4848,17516.29
4849,16299.76
4850,31268.219
4851,23832.557
4852,20869.414
4853,17071.057
4854,37276.883
4855,19481.904
4856,16757.098
4857,16027.706
4858,23456.139
4859,18441.455
4860,17115.773
4861,36507.68
4862,16060.667
4863,21818.172
4864,24818.307
4865,27613.496
4866,27300.291
4867,39967.434
4868,39600.99
4869,16478.12
4870,18750.184
4871,22485.469
4872,25652.305
4873,16837.729
4874,24928.068
4875,39449.19
4876,39430.875
4877,25373.174
4878,42786.1
4879,33850.965
4880,34777.434
4881,33493.42
4882,27801.535
4883,39444.0
4884,81169.56
4885,16895.896
4886,22464.42
4887,26789.578
4888,22812.453
4889,19191.541
4890,17514.887
4891,37080.484
4892,20212.951
4893,18875.617
4894,28184.797
4895,18411.93
4896,17100.143
4897,22631.875
4898,36850.91
4899,16695.697
4900,20310.209
4901,20312.766
4902,21504.453
4903,19893.055
4904,23157.021
4905,30850.592
4906,19516.252
4907,17023.922
4908,17477.291
4909,16121.055
4910,16241.428
4911,24180.49
4912,19267.707
4913,18775.719
4914,16817.842
4915,34270.227
4916,25031.676
4917,22956.762
4918,42640.266
4919,39636.168
4920,20669.748
4921,17189.273
4922,18650.771
4923,21144.588
4924,31190.662
4925,21152.797
4926,17081.365
4927,32613.16
4928,16363.341
4929,22368.406
4930,24469.71
4931,23568.234
4932,33057.074
4933,20785.787
4934,17393.334
4935,23784.713
4936,23575.63
4937,17099.344
4938,25617.49
4939,28448.424
4940,24456.482
4941,15967.942
4942,18130.232
4943,39907.633
4944,39022.395
4945,18277.266
4946,31810.201
4947,18747.697
4948,17556.43
4949,30663.828
4950,17861.004
4951,24581.775
4952,16797.213
4953,17488.014
4954,28898.395
4955,18430.957
4956,29843.611
4957,16869.555
4958,22575.717
4959,17377.715
4960,22208.79
4961,29965.307
4962,17602.988
4963,17551.406
4964,17471.441
4965,41100.203
4966,16719.566
4967,19328.148
4968,28028.734
4969,24828.771
4970,16249.005
4971,16012.992
4972,28199.854
4973,34277.91
4974,16786.082
4975,18365.613
4976,16201.498
4977,35977.914
4978,23665.424
4979,16995.338
4980,29679.242
4981,20994.203
4982,24552.02
4983,38256.008
4984,16782.672
4985,23665.719
4986,17280.518
4987,26335.723
4988,16657.271
4989,21341.92
4990,24962.707
4991,27909.605
4992,22842.453
4993,36817.293
4994,18366.121
4995,28578.982
4996,26443.416
4997,46338.66
4998,17849.713
4999,22740.727
5000,19649.059
5001,18686.238
5002,27339.504
5003,27555.855
5004,38091.89
5005,25263.355
5006,18664.4
5007,25831.719
5008,25557.385
5009,26490.492
5010,20495.316
5011,16145.89
5012,20247.873
5013,16600.271
5014,30891.87
5015,17414.879
5016,23191.566
5017,17734.512
5018,27010.543
5019,21166.197
5020,24262.613
5021,22577.977
5022,19211.3
5023,23731.375
5024,28797.424
5025,16483.73
5026,43854.688
5027,17789.143
5028,18274.582
5029,28303.316
5030,17022.428
5031,30008.348
5032,22606.16
5033,21420.264
5034,19566.46
5035,16597.47
5036,17710.172
5037,33949.605
5038,26236.098
5039,20732.154
5040,16679.256
5041,20183.633
5042,20151.166
5043,28058.18
5044,25591.8
5045,19020.004
5046,26163.236
5047,17436.768
5048,18767.162
5049,23443.97
5050,16582.312
5051,17716.812
5052,19396.195
5053,24280.807
5054,18739.26
5055,17208.58
5056,16432.48
5057,16329.198
5058,23130.602
5059,17785.717
5060,16654.205
5061,17322.547
5062,22772.87
5063,68918.19
5064,17455.387
5065,38793.04
5066,18245.742
5067,21425.127
5068,28407.242
5069,17783.63
5070,30660.348
5071,25918.361
5072,56992.863
5073,31674.398
5074,29307.926
5075,51023.793
5076,32695.002
5077,23710.518
5078,16944.113
5079,35289.05
5080,28101.78
5081,24606.217
5082,17784.512
5083,28100.145
5084,24251.855
5085,18760.898
5086,23777.252
5087,28603.441
5088,26780.611
5089,19980.023
5090,30951.793
5091,48991.49
5092,23896.42
5093,33485.402
5094,24829.316
5095,16440.35
5096,16221.148
5097,25876.398
5098,17120.035
5099,20205.762
5100,27472.988
5101,19851.018
5102,19390.518
5103,23213.717
5104,18280.23
5105,18465.637
5106,23719.926
5107,31906.15
5108,30169.705
5109,17535.094
5110,34026.363
5111,21319.48
5112,26125.809
5113,19236.951
5114,17087.133
5115,30568.348
5116,17111.252
5117,23054.729
5118,21063.656
5119,19554.875
5120,17990.834
5121,24813.645
5122,41363.31
5123,26974.81
5124,23608.818
5125,37143.594
5126,23821.33
5127,40417.285
5128,23746.363
5129,38352.266
5130,31478.443
5131,22217.686
5132,21423.84
5133,26465.693
5134,26826.88
5135,24922.457
5136,25597.807
5137,19349.709
5138,18349.383
5139,28361.682
5140,17447.613
5141,30503.666
5142,16799.535
5143,23110.072
5144,19061.209
5145,31064.465
5146,18020.025
5147,27823.977
5148,16756.682
5149,23921.16
5150,27599.516
5151,36636.418
5152,24423.57
5153,18793.275
5154,34154.07
5155,41487.996
5156,23232.19
5157,21380.2
5158,28894.014
5159,37723.1
5160,22849.645
5161,24693.67
5162,16553.412
5163,25479.264
5164,27898.535
5165,20135.893
5166,29894.146
5167,15906.398
5168,16125.345
5169,19370.002
5170,29885.992
5171,16320.277
5172,26189.348
5173,16988.84
5174,19536.234
5175,85616.42
5176,36011.383
5177,16238.609
5178,18377.352
5179,25293.684
5180,24630.352
5181,17151.02
5182,17954.53
5183,16743.822
5184,20457.254
5185,24645.791
5186,20392.893
5187,17909.67
5188,17615.938
5189,16620.66
5190,17556.73
5191,19638.287
5192,16731.084
5193,16725.676
5194,23366.492
5195,28010.803
5196,17223.045
5197,33797.996
5198,19315.82
5199,16626.463
5200,15905.139
5201,22129.207
5202,16054.739
5203,21664.277
5204,36260.652
5205,15967.546
5206,17820.371
5207,30537.256
5208,23738.482
5209,26326.857
5210,26439.406
5211,16495.18
5212,25202.111
5213,26661.88
5214,25277.334
5215,24744.969
5216,28542.863
5217,16367.711
5218,20019.373
5219,29681.053
5220,26095.627
5221,17168.549
5222,25045.217
5223,29748.557
5224,18867.176
5225,31787.062
5226,16685.668
5227,20943.127
5228,17990.936
5229,21139.89
5230,16427.875
5231,16429.488
5232,17557.686
5233,17189.404
5234,22318.564
5235,25596.219
5236,25049.182
5237,17661.004
5238,23647.285
5239,34770.27
5240,16466.918
5241,21088.117
5242,38002.01
5243,43893.727
5244,29576.982
5245,21950.686
5246,25595.73
5247,16793.064
5248,15980.389
5249,21619.18
5250,17814.781
5251,22284.086
5252,19811.129
5253,45186.14
5254,17549.834
5255,23051.805
5256,25624.967
5257,17470.508
5258,22921.475
5259,34007.938
5260,16237.479
5261,37412.008
5262,28327.514
5263,17673.17
5264,22551.314
5265,18586.277
5266,19265.832
5267,19364.736
5268,24527.352
5269,25112.977
5270,37490.906
5271,17584.9
5272,27607.02
5273,38034.97
5274,27506.94
5275,19107.621
5276,22852.062
5277,26987.266
5278,19831.318
5279,29070.469
5280,48462.934
5281,17984.932
5282,22692.543
5283,17150.97
5284,24386.377
5285,22258.45
5286,17665.857
5287,17812.436
5288,37785.86
5289,16723.027
5290,20753.797
5291,18382.084
5292,19872.594
5293,37882.383
5294,17253.527
5295,79662.16
5296,17495.652
5297,30782.79
5298,24106.715
5299,16919.133
5300,21031.217
5301,73775.43
5302,17394.992
5303,20265.184
5304,25544.227
5305,32483.314
5306,18271.113
5307,17416.74
5308,19234.219
5309,27083.078
5310,31151.719
5311,17643.193
5312,22200.994
5313,19128.936
5314,28526.861
5315,22339.264
5316,26895.87
5317,37724.145
5318,22611.832
5319,17980.164
5320,41915.727
5321,21490.43
5322,17090.393
5323,20675.74
5324,26420.123
5325,18842.576
5326,33461.684
5327,23567.898
5328,17960.316
5329,23709.613
5330,18714.863
5331,23675.176
5332,16462.553
5333,34737.457
5334,95613.57
5335,51842.887
5336,20625.342
5337,18294.27
5338,23280.23
5339,16727.016
5340,16952.18
5341,20454.406
5342,22226.186
5343,28495.074
5344,76854.66
5345,25287.799
5346,17225.871
5347,18912.828
5348,22902.42
5349,24134.781
5350,17303.459
5351,22143.498
5352,24336.518
5353,16704.314
5354,17176.082
5355,16544.447
5356,27121.486
5357,35575.402
5358,32909.45
5359,21456.146
5360,23566.01
5361,25081.955
5362,17112.33
5363,22974.197
5364,23713.932
5365,24272.865
5366,27744.27
5367,15989.063
5368,33995.777
5369,17814.9
5370,23531.244
5371,40043.93
5372,33326.68
5373,17323.504
5374,18663.334
5375,50326.566
5376,18977.06
5377,23712.688
5378,35913.67
5379,18837.672
5380,33634.97
5381,50170.2
5382,16810.932
5383,17954.117
5384,26067.146
5385,28892.25
5386,49480.152
5387,90775.25
5388,39749.504
5389,20478.26
5390,24960.518
5391,16120.102
5392,18898.566
5393,16395.709
5394,17622.727
5395,25941.383
5396,17723.725
5397,26245.357
5398,24755.355
5399,25275.598
5400,17418.95
5401,25802.172
5402,29034.035
5403,19446.188
5404,22055.504
5405,21355.012
5406,24377.168
5407,77683.89
5408,21312.387
5409,34062.73
5410,16356.272
5411,25322.914
5412,17826.848
5413,23428.08
5414,21081.422
5415,21193.162
5416,26618.537
5417,18227.723
5418,17916.879
5419,18636.705
5420,26516.703
5421,30849.916
5422,24800.822
5423,17631.535
5424,18940.303
5425,21932.543
5426,17221.453
5427,16209.318
5428,25795.06
5429,24023.197
5430,36458.203
5431,20249.572
5432,28545.72
5433,28931.955
5434,22580.346
5435,20587.256
5436,20387.604
5437,17438.812
5438,24016.76
5439,16021.853
5440,18617.68
5441,40504.684
5442,25887.234
5443,18165.594
5444,18503.875
5445,30611.787
5446,20293.016
5447,38044.582
5448,16308.872
5449,31845.686
5450,17558.992
5451,25686.578
5452,35731.168
5453,26787.203
5454,22820.309
5455,24784.104
5456,24512.736
5457,17804.25
5458,19773.754
5459,20680.77
5460,23261.389
5461,19658.057
5462,23437.13
5463,32402.805
5464,26291.729
5465,25009.914
5466,36611.234
5467,27042.812
5468,16812.47
5469,19131.709
5470,25886.492
5471,20491.76
5472,25788.346
5473,28085.436
5474,26387.01
5475,25265.404
5476,28385.982
5477,18414.389
5478,28168.484
5479,17904.854
5480,26127.08
5481,33422.26
5482,28109.445
5483,22586.7
5484,17678.717
5485,19268.736
5486,40782.18
5487,16476.484
5488,16810.627
5489,22296.842
5490,19757.09
5491,22494.648
5492,20297.932
5493,16722.79
5494,30927.951
5495,25739.352
5496,59570.65
5497,19553.178
5498,25395.615
5499,16948.623
5500,34258.824
5501,17165.994
5502,16333.389
5503,31649.637
5504,33127.77
5505,39748.33
5506,30559.137
5507,17613.72
5508,21337.238
5509,17138.479
5510,43016.53
5511,18182.771
5512,20065.88
5513,16498.295
5514,34795.516
5515,30188.586
5516,33038.164
5517,22699.902
5518,37145.008
5519,28260.996
5520,36752.53
5521,16088.584
5522,22327.186
5523,27788.996
5524,27918.924
5525,46760.58
5526,29326.604
5527,42752.98
5528,17568.975
5529,23519.04
5530,16471.27
5531,16948.46
5532,38156.535
5533,18312.127
5534,35628.234
5535,17712.537
5536,19204.23
5537,31959.416
5538,25805.2
5539,27038.533
5540,31887.656
5541,19259.623
5542,17209.139
5543,26331.428
5544,24394.146
5545,16420.637
5546,23262.941
5547,20050.252
5548,17325.57
5549,19706.637
5550,38618.81
5551,17299.152
5552,28926.105
5553,30293.336
5554,22866.713
5555,23458.486
5556,18668.354
5557,35210.79
5558,19139.484
5559,15945.236
5560,28776.34
5561,27769.79
5562,25648.365
5563,27144.543
5564,31343.547
5565,21656.387
5566,16008.809
5567,31725.098
5568,39551.242
5569,23952.117
5570,26505.553
5571,29490.37
5572,17739.385
5573,20937.635
5574,23720.469
5575,18351.57
5576,20699.14
5577,35036.47
5578,17801.617
5579,24768.957
5580,17376.854
5581,20306.354
5582,31564.932
5583,42640.55
5584,29017.37
5585,26299.654
5586,30613.686
5587,21535.361
5588,24873.709
5589,26375.965
5590,23654.188
5591,41852.137
5592,16298.889
5593,31102.766
5594,35658.52
5595,29670.496
5596,39415.65
5597,28580.998
5598,17869.404
5599,19414.26
5600,31378.541
5601,19052.594
5602,24730.152
5603,19363.812
5604,23887.352
5605,30770.227
5606,35293.33
5607,19480.621
5608,17059.533
5609,16419.15
5610,17677.672
5611,20078.572
5612,19646.53
5613,18836.809
5614,17153.67
5615,18800.537
5616,15910.267
5617,24593.031
5618,24160.367
5619,17593.506
5620,26300.23
5621,19149.252
5622,31043.26
5623,42057.117
5624,24550.123
5625,20878.154
5626,18596.1
5627,16640.027
5628,31485.979
5629,34119.3
5630,23476.996
5631,24771.107
5632,29067.89
5633,26104.041
5634,22461.549
5635,21595.13
5636,18192.293
5637,18652.816
5638,24957.28
5639,23235.756
5640,24457.672
5641,25412.479
5642,18886.225
5643,22974.264
5644,20038.705
5645,27705.031
5646,18171.0
5647,17599.615
5648,41539.105
5649,16538.059
5650,42477.793
5651,25210.645
5652,18515.967
5653,16758.824
5654,16449.133
5655,28334.646
5656,17236.143
5657,19504.27
5658,16777.055
5659,26418.535
5660,25757.375
5661,41489.816
5662,21188.172
5663,23723.977
5664,16205.855
5665,16514.998
5666,23217.725
5667,21943.422
5668,30989.365
5669,22413.102
5670,26976.69
5671,45229.3
5672,19414.092
5673,28941.172
5674,21293.045
5675,21004.117
5676,17635.068
5677,23455.242
5678,28866.277
5679,21677.629
5680,27134.19
5681,19801.137
5682,41195.13
5683,16354.479
5684,26999.057
5685,23980.666
5686,17478.875
5687,21319.826
5688,18392.062
5689,27533.658
5690,17464.096
5691,20748.533
5692,18398.396
5693,74156.7
5694,21009.967
5695,18273.693
5696,23606.5
5697,26230.87
5698,16816.96
5699,34081.22
5700,18248.23
5701,20820.31
5702,28720.408
5703,18019.94
5704,19108.951
5705,25416.139
5706,36559.523
5707,16618.758
5708,23946.908
5709,26231.094
5710,24117.547
5711,18786.45
5712,17405.514
5713,21482.643
5714,31697.062
5715,25280.613
5716,35179.875
5717,16030.825
5718,24854.904
5719,18655.361
5720,17993.322
5721,28216.102
5722,18648.85
5723,23941.2
5724,17075.014
5725,23169.283
5726,26443.617
5727,17204.56
5728,31548.53
5729,33053.734
5730,25612.701
5731,33606.145
5732,28256.254
5733,42617.742
5734,19514.447
5735,27303.807
5736,33991.496
5737,25670.121
5738,35235.582
5739,40329.766
5740,18416.918
5741,25921.994
5742,42272.09
5743,30300.732
5744,17175.541
5745,25240.766
5746,23223.572
5747,17707.656
5748,23548.352
5749,16534.588
5750,23955.977
5751,20888.31
5752,17144.43
5753,24436.152
5754,19512.678
5755,23619.697
5756,31553.525
5757,31707.584
5758,23764.533
5759,23745.729
5760,17063.162
5761,23836.375
5762,22663.518
5763,21479.53
5764,20036.7
5765,18852.48
5766,32982.945
5767,27348.527
5768,25065.934
5769,18165.646
5770,30246.887
5771,24033.783
5772,26564.746
5773,16955.365
5774,17426.227
5775,17199.885
5776,23568.258
5777,22802.883
5778,17791.96
5779,43199.066
5780,23236.82
5781,17779.068
5782,22992.828
5783,17900.824
5784,19131.07
5785,17625.416
5786,20735.596
5787,23200.902
5788,26028.766
5789,16827.918
5790,26187.95
5791,17528.69
5792,17283.6
5793,20859.523
5794,17969.586
5795,17915.512
5796,54063.395
5797,25384.549
5798,18739.832
5799,30644.182
5800,27181.225
5801,19810.166
5802,23081.547
5803,34565.348
5804,24647.79
5805,44402.25
5806,15951.808
5807,36451.875
5808,20038.514
5809,32208.426
5810,24761.305
5811,17432.46
5812,24533.691
5813,16598.057
5814,20073.115
5815,18530.188
5816,24792.545
5817,23878.264
5818,20066.99
5819,15942.515
5820,28660.102
5821,35162.703
5822,16425.477
5823,43782.098
5824,20413.793
5825,32580.145
5826,17040.768
5827,17039.857
5828,17638.027
5829,18152.898
5830,24133.975
5831,18966.82
5832,16188.492
5833,17088.42
5834,17652.266
5835,27242.94
5836,28135.998
5837,19205.787
5838,27083.0
5839,43728.477
5840,27189.34
5841,16257.344
5842,23492.63
5843,25885.95
5844,19961.357
5845,38992.742
5846,30186.225
5847,22825.947
5848,32001.781
5849,66895.05
5850,25288.885
5851,37955.14
5852,17438.53
5853,54980.918
5854,28130.496
5855,29353.521
5856,19290.322
5857,20618.3
5858,24324.822
5859,17635.758
5860,17528.506
5861,18067.402
5862,26464.027
5863,16767.746
5864,16786.611
5865,35987.18
5866,23363.416
5867,31818.332
5868,24407.13
5869,17603.006
5870,17800.701
5871,21578.105
5872,15957.483
5873,18242.523
5874,17254.762
5875,36542.83
5876,16772.975
5877,23734.906
5878,23597.518
5879,20577.656
5880,19199.268
5881,17348.652
5882,25647.926
5883,23523.143
5884,18484.525
5885,19261.129
5886,33099.727
5887,16300.304
5888,21649.22
5889,16926.605
5890,18868.67
5891,23783.533
5892,30877.73
5893,18821.043
5894,19334.951
5895,17512.88
5896,17891.436
5897,16765.875
5898,30275.719
5899,16584.732
5900,28259.514
5901,17551.357
5902,18505.55
5903,47420.293
5904,31649.184
5905,33042.86
5906,23580.533
5907,17369.828
5908,17096.896
5909,20009.754
5910,27493.197
5911,32398.016
5912,19537.092
5913,26827.035
5914,17057.076
5915,17847.994
5916,30361.508
5917,33871.7
5918,17387.611
5919,26568.902
5920,23096.94
5921,18670.953
5922,37686.28
5923,34445.004
5924,31084.617
5925,27742.445
5926,18796.969
5927,19906.53
5928,25682.17
5929,35354.1
5930,24236.617
5931,19535.154
5932,24579.525
5933,16767.984
5934,21834.389
5935,31032.455
5936,19122.861
5937,21885.32
5938,24942.646
5939,24190.64
5940,41514.594
5941,36204.363
5942,19903.967
5943,17284.375
5944,27088.502
5945,23908.344
5946,23816.514
5947,17239.793
5948,24740.98
5949,24042.06
5950,27002.688
5951,31479.373
5952,19667.865
5953,32857.734
5954,28846.379
5955,16458.031
5956,18922.662
5957,25646.727
5958,20237.525
5959,27094.496
5960,21637.166
5961,18783.887
5962,19348.29
5963,23476.816
5964,15943.7
5965,28160.186
5966,16455.896
5967,30313.451
5968,29180.578
5969,54738.94
5970,28273.64
5971,18321.404
5972,18026.936
5973,23916.781
5974,16589.305
5975,17779.629
5976,25608.06
5977,21971.547
5978,28411.143
5979,25577.111
5980,31159.562
5981,18144.4
5982,42048.414
5983,36468.914
5984,23042.111
5985,23747.678
5986,16578.027
5987,22712.375
5988,70034.82
5989,27593.568
5990,25737.682
5991,34992.49
5992,17739.03
5993,17857.205
5994,16404.969
5995,27283.346
5996,17865.16
5997,23853.863
5998,18945.63
5999,17372.361
6000,29408.977
6001,28136.803
6002,27531.979
6003,22497.781
6004,23409.854
6005,34052.69
6006,18240.73
6007,17993.596
6008,37707.023
6009,17072.555
6010,24445.594
6011,17535.043
6012,19981.662
6013,18001.852
6014,21038.318
6015,16506.322
6016,24519.773
6017,17400.568
6018,37387.754
6019,16407.236
6020,31757.275
6021,35213.207
6022,17748.37
6023,16717.654
6024,17290.459
6025,35402.688
6026,16213.152
6027,23894.55
6028,19588.586
6029,18925.93
6030,16462.834
6031,18818.17
6032,24364.176
6033,17298.393
6034,24369.754
6035,18323.098
6036,19189.73
6037,21003.475
6038,16323.063
6039,16701.797
6040,46334.37
6041,23435.521
6042,16323.499
6043,21784.51
6044,16396.35
6045,21798.018
6046,53736.67
6047,27193.854
6048,23838.672
6049,23297.377
6050,27087.004
6051,27824.32
6052,16417.896
6053,23432.213
6054,25311.662
6055,26293.36
6056,23827.578
6057,26056.434
6058,28274.584
6059,29102.898
6060,16737.34
6061,38915.4
6062,18902.514
6063,28266.656
6064,22397.076
6065,26152.758
6066,20308.33
6067,24478.885
6068,20535.76
6069,23875.19
6070,26497.592
6071,15998.766
6072,16209.968
6073,43724.805
6074,22560.371
6075,16072.634
6076,20252.857
6077,17156.861
6078,23668.945
6079,17895.498
6080,28304.451
6081,18133.709
6082,24467.424
6083,24219.635
6084,25617.562
6085,25779.2
6086,15972.953
6087,16419.432
6088,27223.46
6089,30074.73
6090,22877.098
6091,25430.613
6092,34345.547
6093,19650.559
6094,19865.488
6095,20370.928
6096,16816.158
6097,16979.443
6098,16625.512
6099,23683.465
6100,38051.406
6101,18891.826
6102,21858.348
6103,17818.893
6104,19837.354
6105,27103.775
6106,24379.61
6107,16915.76
6108,22868.654
6109,29811.268
6110,22290.654
6111,24173.666
6112,29114.03
6113,27358.545
6114,22701.895
6115,17604.803
6116,28358.22
6117,26654.635
6118,17699.266
6119,17240.895
6120,23900.637
6121,20041.209
6122,19204.432
6123,26620.541
6124,23505.516
6125,18617.52
6126,18943.193
6127,18599.062
6128,18038.58
6129,22496.107
6130,23289.158
6131,24619.22
6132,18543.324
6133,24734.422
6134,21824.436
6135,18105.559
6136,21015.018
6137,21635.371
6138,24380.098
6139,39718.05
6140,23839.443
6141,26913.395
6142,16346.385
6143,20568.865
6144,16216.106
6145,31538.031
6146,23294.31
6147,16667.918
6148,25219.59
6149,29850.414
6150,21855.701
6151,17449.51
6152,16216.88
6153,22866.299
6154,25771.38
6155,19935.77
6156,31886.287
6157,25331.707
6158,24809.385
6159,19607.633
6160,27759.355
6161,24867.943
6162,19880.84
6163,42449.12
6164,19106.564
6165,23740.928
6166,19991.156
6167,22817.654
6168,18135.871
6169,20033.24
6170,26246.008
6171,17902.291
6172,23730.062
6173,27827.664
6174,22428.52
6175,38647.14
6176,17099.246
6177,26960.203
6178,24877.623
6179,37857.676
6180,23636.98
6181,22979.39
6182,20566.707
6183,20080.604
6184,17873.527
6185,17912.625
6186,15897.162
6187,19555.957
6188,28423.88
6189,16792.55
6190,17470.742
6191,26840.803
6192,25957.865
6193,32173.918
6194,32139.416
6195,27199.12
6196,30880.559
6197,39852.145
6198,34293.277
6199,16660.56
6200,42667.36
6201,26128.252
6202,40072.812
6203,67692.766
6204,20967.85
6205,22534.373
6206,44092.81
6207,20458.309
6208,16522.607
6209,17133.527
6210,16140.054
6211,29814.594
6212,24523.727
6213,37363.336
6214,17200.441
6215,24052.564
6216,32630.955
6217,23364.086
6218,16545.283
6219,18395.133
6220,19573.105
6221,20268.275
6222,25539.623
6223,17733.057
6224,19015.107
6225,54355.336
6226,19107.604
6227,22538.541
6228,16595.936
6229,21157.54
6230,24343.11
6231,27411.092
6232,18582.555
6233,20619.914
6234,16636.457
6235,18610.064
6236,16798.22
6237,21587.43
6238,16999.066
6239,16715.725
6240,23060.775
6241,17092.643
6242,27542.457
6243,39161.977
6244,19143.83
6245,28716.408
6246,24554.994
6247,31330.129
6248,24107.703
6249,23471.557
6250,27918.205
6251,19452.16
6252,25087.219
6253,16289.177
6254,17660.904
6255,16573.854
6256,17519.63
6257,23582.22
6258,18804.607
6259,27146.277
6260,19548.273
6261,25500.072
6262,31178.469
6263,26479.453
6264,32892.977
6265,32832.49
6266,25423.969
6267,19003.432
6268,21929.613
6269,21981.838
6270,25419.895
6271,29040.043
6272,24617.06
6273,38103.734
6274,24623.26
6275,19604.846
6276,16311.937
6277,16955.041
6278,28200.418
6279,43767.82
6280,28554.217
6281,16034.143
6282,21061.145
6283,17595.57
6284,17643.646
6285,23752.705
6286,24326.492
6287,17282.38
6288,27622.215
6289,25910.254
6290,35661.176
6291,17837.342
6292,23547.543
6293,24427.74
6294,26460.217
6295,79404.57
6296,20092.615
6297,18146.91
6298,20042.336
6299,27326.73
6300,28677.135
6301,18081.572
6302,27699.193
6303,25145.62
6304,29649.791
6305,17509.676
6306,26667.654
6307,21127.615
6308,26114.326
6309,17832.238
6310,26302.69
6311,23823.354
6312,17659.219
6313,24613.047
6314,16437.686
6315,28136.508
6316,22695.53
6317,18104.953
6318,16457.654
6319,20460.572
6320,17262.99
6321,16637.377
6322,27874.014
6323,17078.385
6324,19279.875
6325,40635.152
6326,19743.47
6327,16183.352
6328,23954.607
6329,17584.732
6330,34171.535
6331,26322.715
6332,22314.69
6333,30593.342
6334,33690.67
6335,27938.447
6336,30033.914
6337,23366.068
6338,21948.928
6339,35322.117
6340,24622.79
6341,17260.39
6342,16465.771
6343,16832.799
6344,39617.836
6345,24414.512
6346,23774.281
6347,26771.418
6348,18256.986
6349,29871.518
6350,24009.453
6351,24196.87
6352,22883.709
6353,34140.33
6354,15957.97
6355,19943.11
6356,19110.902
6357,17248.164
6358,17556.01
6359,27337.47
6360,27480.246
6361,22563.984
6362,16840.201
6363,17702.607
6364,29533.123
6365,32437.404
6366,20090.928
6367,20885.662
6368,26016.457
6369,20939.293
6370,17173.984
6371,47375.406
6372,25278.637
6373,16186.439
6374,18011.229
6375,38104.97
6376,36716.516
6377,16601.523
6378,43764.773
6379,21567.611
6380,31705.83
6381,18121.07
6382,24049.674
6383,27010.98
6384,16317.834
6385,21426.967
6386,31827.467
6387,18097.15
6388,27679.572
6389,21098.62
6390,54377.477
6391,31946.373
6392,28021.223
6393,17016.277
6394,17100.387
6395,19482.312
6396,24390.889
6397,26328.941
6398,16053.913
6399,17518.746
6400,82363.09
6401,40344.5
6402,16311.998
6403,17377.482
6404,18547.09
6405,20283.805
6406,27878.428
6407,52318.914
6408,22461.613
6409,30313.508
6410,17675.092
6411,25126.393
6412,24476.598
6413,17368.22
6414,17958.006
6415,30821.36
6416,30314.318
6417,16386.844
6418,21054.697
6419,17784.562
6420,37446.168
6421,29965.105
6422,18798.69
6423,36194.836
6424,20933.143
6425,19797.965
6426,17651.742
6427,16840.635
6428,26485.691
6429,19085.584
6430,16948.074
6431,21129.066
6432,36096.9
6433,16147.229
6434,18500.98
6435,17203.658
6436,28040.043
6437,30252.223
6438,22488.385
6439,18185.094
6440,16946.28
6441,17260.834
6442,20352.576
6443,17132.645
6444,16987.139
6445,16579.861
6446,26012.512
6447,30835.826
6448,24118.926
6449,16490.965
6450,27626.957
6451,16478.465
6452,26360.625
6453,25362.94
6454,23636.078
6455,16491.248
6456,22979.15
6457,28477.688
6458,17645.482
6459,19468.865
6460,20034.787
6461,18791.537
6462,27176.637
6463,24341.74
6464,25816.893
6465,19283.223
6466,24228.09
6467,21590.395
6468,30277.047
6469,17037.014
6470,26870.95
6471,16207.8955
6472,17758.004
6473,23515.652
6474,18832.803
6475,17772.254
6476,18823.986
6477,16517.393
6478,16185.05
6479,27898.855
6480,16122.808
6481,17309.564
6482,36515.83
6483,27973.643
6484,25775.117
6485,30358.527
6486,38986.387
6487,16420.105
6488,16361.374
6489,24319.65
6490,27215.674
6491,30285.508
6492,20584.191
6493,15909.614
6494,20399.527
6495,28457.732
6496,18162.787
6497,18391.992
6498,17996.686
6499,22225.357
6500,17717.943
6501,17576.148
6502,17249.117
6503,22182.053
6504,23251.984
6505,17713.383
6506,16650.266
6507,20260.525
6508,28816.875
6509,27639.555
6510,26756.129
6511,25945.244
6512,29297.25
6513,20411.438
6514,23477.914
6515,17105.361
6516,17890.736
6517,31677.025
6518,19755.13
6519,21623.324
6520,19459.379
6521,21117.965
6522,27515.992
6523,22974.525
6524,16477.521
6525,21495.965
6526,29646.936
6527,21919.16
6528,17467.977
6529,16760.95
6530,35252.387
6531,16821.484
6532,17141.438
6533,29547.322
6534,18899.342
6535,16690.506
6536,27473.434
6537,56846.84
6538,40169.617
6539,16208.081
6540,19212.492
6541,35303.965
6542,17311.232
6543,109652.18
6544,22519.979
6545,17560.85
6546,30877.584
6547,24839.406
6548,16161.496
6549,21293.045
6550,15941.647
6551,16595.459
6552,27519.613
6553,32606.38
6554,19695.156
6555,26917.734
6556,16767.729
6557,16639.932
6558,38270.75
6559,24814.852
6560,16561.514
6561,41030.254
6562,17245.45
6563,18793.545
6564,18323.85
6565,26605.643
6566,20842.363
6567,23645.863
6568,16373.472
6569,37612.207
6570,18557.105
6571,18197.535
6572,27664.766
6573,22034.857
6574,27572.943
6575,24287.455
6576,32206.613
6577,51365.07
6578,16909.55
6579,20932.424
6580,21166.338
6581,33544.695
6582,34692.83
6583,24334.336
6584,19491.215
6585,23098.35
6586,23287.514
6587,69937.64
6588,19569.148
6589,17201.82
6590,16530.395
6591,34266.47
6592,26916.09
6593,18554.008
6594,26582.232
6595,44701.883
6596,26015.24
6597,22167.629
6598,17175.459
6599,30947.396
6600,16843.172
6601,36701.953
6602,16248.431
6603,16686.783
6604,18741.459
6605,21111.059
6606,26649.678
6607,22428.412
6608,17530.361
6609,28154.223
6610,33332.117
6611,23422.941
6612,17887.854
6613,20958.254
6614,24312.043
6615,19846.607
6616,42563.438
6617,23690.377
6618,16078.705
6619,17969.38
6620,22617.309
6621,23461.53
6622,24010.621
6623,23894.826
6624,28645.973
6625,34415.42
6626,27572.654
6627,27376.396
6628,16422.016
6629,17253.33
6630,16832.46
6631,16458.533
6632,35975.137
6633,24690.82
6634,16644.932
6635,25575.795
6636,29693.852
6637,27976.656
6638,22725.549
6639,30899.531
6640,22202.922
6641,16991.934
6642,16287.67
6643,18303.17
6644,26516.578
6645,26944.086
6646,26855.244
6647,19759.879
6648,21923.424
6649,16241.955
6650,28311.361
6651,25746.348
6652,26310.768
6653,29587.053
6654,17064.756
6655,20109.139
6656,19584.701
6657,37181.195
6658,27010.877
6659,23219.984
6660,32564.271
6661,31319.97
6662,21531.357
6663,24310.977
6664,19930.236
6665,29110.031
6666,16239.167
6667,17967.17
6668,67693.54
6669,24359.414
6670,27929.924
6671,16232.121
6672,17006.963
6673,17267.62
6674,16555.37
6675,36913.273
6676,26104.44
6677,17693.139
6678,27109.281
6679,27047.172
6680,25337.578
6681,17314.37
6682,18182.459
6683,29402.582
6684,16548.535
6685,39458.297
6686,30843.62
6687,18188.53
6688,25377.504
6689,17589.932
6690,25556.143
6691,19114.967
6692,45108.684
6693,19426.78
6694,25045.838
6695,18417.006
6696,19628.102
6697,25737.854
6698,19151.682
6699,19359.844
6700,16221.598
6701,23226.385
6702,20281.521
6703,23246.33
6704,16519.945
6705,32875.57
6706,16602.426
6707,29335.05
6708,16402.387
6709,25889.135
6710,22547.035
6711,22644.613
6712,16598.215
6713,28620.25
6714,16379.454
6715,27952.334
6716,17081.496
6717,23632.586
6718,34043.242
6719,23910.783
6720,17570.533
6721,98583.53
6722,15937.147
6723,17489.48
6724,24456.459
6725,21921.543
6726,34283.203
6727,17628.576
6728,21423.86
6729,17205.053
6730,24780.654
6731,33001.95
6732,16634.457
6733,49119.395
6734,17238.049
6735,17382.521
6736,16423.033
6737,25966.062
6738,27154.15
6739,23190.328
6740,16085.163
6741,36967.492
6742,30076.395
6743,16506.793
6744,16696.158
6745,30113.965
6746,25314.39
6747,45131.746
6748,19285.963
6749,26957.117
6750,17428.072
6751,18192.225
6752,27339.738
6753,27274.006
6754,16006.701
6755,17387.578
6756,23913.838
6757,16459.035
6758,27479.697
6759,20260.545
6760,24749.643
6761,19485.36
6762,24071.22
6763,19144.943
6764,17708.5
6765,18937.484
6766,20906.209
6767,30584.824
6768,19730.896
6769,31828.742
6770,19520.664
6771,19626.36
6772,17404.734
6773,18435.0
6774,39819.05
6775,26310.793
6776,18130.094
6777,22780.537
6778,28086.72
6779,16300.396
6780,32898.027
6781,36580.973
6782,25691.7
6783,19484.635
6784,31340.469
6785,33171.684
6786,23908.389
6787,26222.34
6788,17437.682
6789,19756.28
6790,16931.238
6791,15981.929
6792,23987.252
6793,17234.992
6794,16806.635
6795,16277.343
6796,21546.148
6797,31966.64
6798,16674.04
6799,57675.742
6800,19302.027
6801,21802.592
6802,27007.193
6803,27447.69
6804,18477.969
6805,31406.414
6806,22487.12
6807,19436.936
6808,27520.584
6809,18157.816
6810,33354.12
6811,18067.557
6812,23860.256
6813,27484.074
6814,20889.605
6815,19814.398
6816,19968.613
6817,29124.75
6818,29814.338
6819,23751.39
6820,18439.73
6821,33872.215
6822,28417.484
6823,16124.868
6824,27788.89
6825,17966.639
6826,35074.082
6827,20342.098
6828,17669.193
6829,24301.959
6830,25775.93
6831,16871.34
6832,33806.637
6833,24484.348
6834,24275.482
6835,19364.977
6836,23037.014
6837,18386.223
6838,19698.295
6839,19552.805
6840,26217.488
6841,17333.338
6842,18290.117
6843,21553.834
6844,28335.646
6845,38679.44
6846,27648.676
6847,16232.756
6848,28343.781
6849,20689.43
6850,16511.912
6851,19093.012
6852,21607.307
6853,27014.818
6854,25245.99
6855,24277.52
6856,22109.334
6857,17925.8
6858,23314.004
6859,28455.236
6860,19103.23
6861,30843.414
6862,19654.494
6863,50724.098
6864,16465.693
6865,29897.281
6866,28001.855
6867,28964.367
6868,18020.232
6869,27302.92
6870,26575.06
6871,91157.4
6872,23770.2
6873,50937.348
6874,22899.756
6875,30799.469
6876,26212.637
6877,17581.715
6878,19007.945
6879,26823.172
6880,17621.096
6881,19114.912
6882,17840.148
6883,22298.777
6884,16569.98
6885,27970.76
6886,21030.234
6887,28249.947
6888,36872.918
6889,23510.54
6890,17058.15
6891,24720.957
6892,19975.928
6893,20602.988
6894,25700.914
6895,16203.77
6896,28149.363
6897,17112.51
6898,27069.365
6899,20646.951
6900,39325.344
6901,17139.72
6902,27344.51
6903,27210.508
6904,16704.234
6905,20201.254
6906,20976.93
6907,18899.396
6908,16155.794
6909,17341.11
6910,43880.082
6911,24458.885
6912,22061.984
6913,23522.807
6914,18931.164
6915,42889.953
6916,23318.361
6917,18130.232
6918,33384.703
6919,37615.074
6920,24522.113
6921,20865.572
6922,17487.162
6923,31771.756
6924,40047.023
6925,20343.824
6926,17060.525
6927,72182.305
6928,18988.105
6929,18584.947
6930,17404.568
6931,18650.148
6932,33052.156
6933,26819.156
6934,28418.514
6935,31396.473
6936,20044.459
6937,16864.455
6938,19202.29
6939,16630.46
6940,23002.787
6941,29005.805
6942,19167.36
6943,20101.066
6944,22934.682
6945,30706.729
6946,27767.564
6947,112826.836
6948,25044.857
6949,26899.36
6950,27740.62
6951,16651.14
6952,23255.531
6953,18399.256
6954,18538.797
6955,22543.53
6956,21334.166
6957,21843.74
6958,25342.41
6959,18402.258
6960,19959.322
6961,19281.824
6962,37928.727
6963,18321.473
6964,16369.74
6965,21364.83
6966,28017.19
6967,25126.992
6968,18873.89
6969,17014.248
6970,19976.156
6971,30944.18
6972,29274.152
6973,16190.592
6974,18020.387
6975,18071.918
6976,27121.28
6977,17821.018
6978,27984.822
6979,29172.564
6980,18617.75
6981,21751.81
6982,17277.617
6983,21218.424
6984,16290.963
6985,20855.545
6986,27584.28
6987,22158.857
6988,16183.969
6989,52060.79
6990,17501.277
6991,23628.033
6992,53716.484
6993,31381.354
6994,22735.045
6995,31482.736
6996,31956.582
6997,16600.05
6998,19357.924
6999,36035.64
7000,18843.422
7001,27028.787
7002,25643.13
7003,21089.586
7004,36326.21
7005,21603.639
7006,25720.088
7007,19352.588
7008,18177.465
7009,18061.355
7010,20414.863
7011,16459.334
7012,21243.045
7013,31009.055
7014,19361.375
7015,18289.873
7016,29595.125
7017,28279.33
7018,37875.48
7019,52041.88
7020,20188.098
7021,16711.74
7022,16737.021
7023,20912.05
7024,22539.295
7025,27842.186
7026,28067.174
7027,35787.61
7028,33358.066
7029,42165.11
7030,23590.295
7031,16641.55
7032,18638.129
7033,20849.6
7034,24427.37
7035,20492.658
7036,18223.412
7037,17153.277
7038,28706.223
7039,25977.158
7040,22698.863
7041,31439.709
7042,24441.188
7043,19378.537
7044,31483.246
7045,19161.676
7046,20348.656
7047,121133.71
7048,51352.58
7049,25786.969
7050,18991.547
7051,32056.336
7052,39516.22
7053,17791.977
7054,20613.562
7055,32383.621
7056,16814.844
7057,20332.09
7058,23248.281
7059,31649.033
7060,32003.643
7061,28220.623
7062,21365.748
7063,16781.152
7064,25080.592
7065,16451.502
7066,20746.613
7067,21147.209
7068,25463.887
7069,18838.605
7070,24703.54
7071,16286.085
7072,27564.373
7073,23453.723
7074,23075.23
7075,28816.875
7076,18492.795
7077,18175.748
7078,26023.975
7079,18344.309
7080,23292.246
7081,43477.516
7082,16105.149
7083,16462.41
7084,18339.848
7085,16485.822
7086,20322.453
7087,16574.912
7088,19733.834
7089,19217.77
7090,16709.652
7091,17024.523
7092,30640.732
7093,20040.73
7094,18137.168
7095,21227.693
7096,30512.89
7097,16203.244
7098,18615.852
7099,20897.717
7100,24233.637
7101,16271.444
7102,28255.525
7103,23274.348
7104,20984.594
7105,19551.295
7106,26585.25
7107,29409.705
7108,89620.95
7109,18938.334
7110,17864.904
7111,23047.078
7112,22653.469
7113,17971.025
7114,26681.492
7115,25957.717
7116,27782.188
7117,23433.488
7118,17284.87
7119,25065.385
7120,17902.65
7121,19981.11
7122,17378.857
7123,20578.01
7124,23892.479
7125,23343.193
7126,23675.379
7127,31691.229
7128,16564.166
7129,37634.49
7130,17247.621
7131,19335.69
7132,28642.777
7133,23331.998
7134,31157.008
7135,33197.76
7136,32674.834
7137,22336.941
7138,38343.93
7139,37371.676
7140,25855.404
7141,23816.582
7142,28334.701
7143,24329.16
7144,28442.076
7145,19728.809
7146,15880.932
7147,19113.746
7148,18807.566
7149,17233.842
7150,16201.358
7151,16884.812
7152,24065.436
7153,18803.064
7154,19989.402
7155,34821.84
7156,27905.56
7157,30741.568
7158,59010.97
7159,20639.902
7160,16381.36
7161,18831.87
7162,24437.318
7163,23936.543
7164,31720.771
7165,23920.705
7166,23217.504
7167,35596.273
7168,16499.932
7169,32744.555
7170,16790.549
7171,29192.547
7172,17513.232
7173,18504.191
7174,18307.621
7175,24413.441
7176,21332.396
7177,29889.271
7178,24417.61
7179,20380.547
7180,21967.564
7181,16409.146
7182,25900.914
7183,27302.217
7184,26876.742
7185,23845.947
7186,19043.002
7187,69468.53
7188,21472.463
7189,32149.533
7190,20551.2
7191,16056.976
7192,27105.12
7193,23454.215
7194,29611.754
7195,17130.422
7196,23126.543
7197,30955.691
7198,20893.252
7199,24007.988
7200,36541.188
7201,22993.025
7202,17557.5
7203,30919.398
7204,16200.586
7205,15958.168
7206,18578.072
7207,23441.87
7208,18565.408
7209,18669.652
7210,41619.09
7211,15996.797
7212,22309.86
7213,21751.873
7214,16592.959
7215,16260.213
7216,26515.643
7217,18650.361
7218,23607.152
7219,23872.662
7220,16423.285
7221,16883.234
7222,24432.168
7223,26618.893
7224,18797.148
7225,17245.795
7226,22324.354
7227,30913.12
7228,16722.885
7229,27913.041
7230,23243.625
7231,18827.541
7232,24929.66
7233,22295.78
7234,19221.912
7235,22528.184
7236,17220.139
7237,18550.223
7238,42893.758
7239,16664.31
7240,37927.57
7241,19324.775
7242,37725.727
7243,16982.31
7244,31680.863
7245,24624.809
7246,18594.947
7247,16809.473
7248,27164.977
7249,25222.934
7250,20094.07
7251,16421.688
7252,23313.936
7253,18638.84
7254,26194.818
7255,30094.27
7256,19037.209
7257,26458.703
7258,27242.082
7259,39358.777
7260,22050.688
7261,34637.715
7262,16449.307
7263,20046.389
7264,16286.225
7265,16161.435
7266,42462.035
7267,22245.758
7268,16753.326
7269,17973.152
7270,30559.34
7271,47295.816
7272,25102.416
7273,29647.867
7274,26185.078
7275,29011.2
7276,24332.084
7277,16231.208
7278,28532.113
7279,23635.447
7280,23503.14
7281,24836.23
7282,18968.357
7283,18052.055
7284,38086.766
7285,30567.502
7286,23533.87
7287,20953.217
7288,22947.854
7289,47513.547
7290,16979.217
7291,18689.215
7292,17314.057
7293,17416.508
7294,32472.938
7295,16593.75
7296,23730.56
7297,20043.848
7298,17011.213
7299,16435.475
7300,27814.637
7301,16453.889
7302,28280.652
7303,26998.771
7304,36574.73
7305,24559.889
7306,16589.906
7307,16412.088
7308,27112.486
7309,16947.33
7310,17798.852
7311,18919.883
7312,29000.467
7313,23781.787
7314,40327.688
7315,17368.088
7316,18792.271
7317,27610.072
7318,26847.535
7319,16433.107
7320,24488.107
7321,17926.467
7322,18947.203
7323,38124.707
7324,43431.184
7325,20735.14
7326,43056.098
7327,20161.969
7328,26795.047
7329,21572.57
7330,17743.598
7331,34562.777
7332,18748.395
7333,22634.379
7334,17374.12
7335,18909.637
7336,20665.883
7337,19334.564
7338,19039.078
7339,25622.816
7340,28888.033
7341,50656.27
7342,26172.17
7343,40101.293
7344,19186.234
7345,23831.17
7346,50273.465
7347,26553.55
7348,22554.627
7349,21511.305
7350,27522.867
7351,16541.592
7352,16687.275
7353,16797.324
7354,17081.04
7355,16413.701
7356,27647.596
7357,29249.176
7358,28028.947
7359,17859.385
7360,22357.04
7361,21717.982
7362,16496.957
7363,27528.434
7364,20457.021
7365,19750.893
7366,18176.287
7367,16294.459
7368,17152.28
7369,19984.826
7370,17800.668
7371,20934.9
7372,23068.387
7373,20383.404
7374,26168.727
7375,18264.963
7376,16787.62
7377,18270.504
7378,21856.848
7379,26949.379
7380,30960.09
7381,16350.767
7382,16711.262
7383,16719.344
7384,24896.35
7385,16325.337
7386,25740.234
7387,25793.045
7388,44159.13
7389,26763.02
7390,17586.896
7391,17442.672
7392,32191.658
7393,17320.35
7394,35930.457
7395,16673.754
7396,19520.44
7397,19128.682
7398,18878.463
7399,16240.964
7400,28315.871
7401,21847.469
7402,31796.613
7403,16439.488
7404,27252.814
7405,22388.959
7406,17590.033
7407,25793.02
7408,27012.217
7409,18919.143
7410,24290.002
7411,16806.105
7412,28397.572
7413,19919.842
7414,33730.312
7415,17564.62
7416,25407.098
7417,16403.998
7418,17013.502
7419,34704.113
7420,35384.29
7421,18045.48
7422,20033.89
7423,16605.592
7424,18165.334
7425,28958.125
7426,34113.8
7427,18157.176
7428,19612.383
7429,44639.723
7430,17378.742
7431,22508.727
7432,29690.0
7433,17220.828
7434,30305.154
7435,16417.818
7436,48268.19
7437,30954.863
7438,23656.375
7439,17645.785
7440,31873.578
7441,21818.65
7442,16720.156
7443,22824.553
7444,27566.633
7445,30316.63
7446,16247.331
7447,24937.318
7448,28938.219
7449,17525.162
7450,20364.576
7451,39543.21
7452,22597.021
7453,17088.291
7454,25799.023
7455,19276.291
7456,26611.658
7457,23450.635
7458,21224.879
7459,17056.67
7460,16422.83
7461,19883.438
7462,24232.434
7463,30167.316
7464,20826.229
7465,19379.832
7466,30642.428
7467,26847.383
7468,19255.049
7469,18020.336
7470,29327.191
7471,19134.648
7472,22271.36
7473,16934.484
7474,24841.514
7475,18701.57
7476,21126.91
