id,price_target
0,22238.36059160738
1,23326.341149995555
2,27436.76915016571
3,18799.69161684952
4,19718.563786071798
5,18133.933739042288
6,21402.462627305104
7,62998.952639305586
8,24572.909388008047
9,16514.44286157663
10,27164.860086099055
11,15917.745817864192
12,17341.458363351692
13,19758.630744408514
14,30569.294896364292
15,16461.892898459853
16,17420.190861110998
17,16367.365323318
18,17827.453529980263
19,18908.029230439646
20,30241.333850560448
21,22955.449027288363
22,21516.708412091204
23,18232.66091799385
24,24092.00568927488
25,23876.954058858202
26,39160.46525310972
27,18230.6678157762
28,20666.167088221053
29,26034.420102218282
30,28493.369526634633
31,24635.256485770584
32,24414.430284776947
33,20846.30134327866
34,16184.086911606006
35,17847.021430260233
36,29082.151105393055
37,33297.07865555582
38,16534.854141058873
39,24328.429939691487
40,19437.767510188758
41,17722.207273456566
42,16709.44836734883
43,32073.629448179126
44,43675.731937415985
45,15936.697658552608
46,25783.815125326964
47,16385.854201088463
48,17588.53604985164
49,17198.945025395675
50,16845.550030002058
51,29050.480148954408
52,25906.084369155935
53,32215.230534830753
54,41731.986817207835
55,24851.845675234996
56,45022.77810680089
57,19045.560158799315
58,27986.156834594916
59,22938.444486068594
60,33190.13936884074
61,29512.829278221154
62,31679.722131167928
63,21416.084270555402
64,17495.82639447128
65,17992.21883671955
66,19108.546318662553
67,24921.423897372966
68,29880.52085772012
69,26992.483996405856
70,17345.40958066655
71,21283.461415444723
72,37185.80589778109
73,24251.13832432382
74,30957.30699811156
75,33885.36543816514
76,36475.33050657614
77,17972.877420887675
78,16781.33193739084
79,37557.354163919124
80,18601.794405395973
81,16791.95253312866
82,16439.217759437866
83,23408.16302068172
84,20301.399169935972
85,27871.043977076253
86,19193.642163191773
87,16504.995352579714
88,16135.644468770377
89,18641.474509933185
90,19201.885956092847
91,30561.825069707313
92,15974.70523989569
93,25330.22033160944
94,27841.62122375471
95,40958.28936142928
96,27975.469277381435
97,17867.29454592574
98,22951.300683226287
99,17337.756077178165
100,17528.323854021353
101,19714.12135923475
102,43784.45739467244
103,33212.779365872746
104,22240.06799025997
105,19003.565446705383
106,23583.687311671172
107,37816.2966439869
108,21858.695055436536
109,52386.96613075575
110,30781.08631609986
111,17911.646366043766
112,28366.355220302783
113,19818.37708079698
114,24112.067109527852
115,17063.43193724591
116,19921.274590688055
117,16281.64143199993
118,18925.764035573775
119,20824.83785589321
120,34775.11292581324
121,16273.103086150679
122,27863.801635870634
123,50310.61046053113
124,27567.146033133704
125,24896.854091115605
126,25157.64821076467
127,19620.616801432876
128,31281.902418924707
129,20867.20731286366
130,16294.669092468643
131,38690.03023408187
132,28102.495547923754
133,19182.204673890545
134,16685.584839219802
135,27344.510379904517
136,17630.476563546526
137,28495.258206437527
138,21227.20770186219
139,25311.142908958336
140,16617.68886689037
141,33769.29778007444
142,17328.422218832457
143,26232.144258735665
144,42049.7571572289
145,16215.360066102317
146,17126.92239897658
147,29029.26537048849
148,16889.888515852617
149,24093.074137919324
150,28993.925697385203
151,32650.34190142418
152,27593.21934141345
153,18766.492678755203
154,18993.53636804723
155,24648.599364100406
156,31974.17170272085
157,21274.11349794555
158,18538.11364107373
159,28344.700625279915
160,19701.694933809486
161,70301.03874069707
162,17676.42360704946
163,36540.53520879605
164,27361.310228157836
165,31291.286524976786
166,16776.563161130445
167,36877.164205023095
168,18604.171852272375
169,19674.803738681545
170,22769.502898177157
171,34565.95042701337
172,24537.465335198045
173,22419.445500974765
174,26090.09720829911
175,32003.611860983776
176,22578.461955720784
177,17111.185255726217
178,74879.82120805298
179,16306.113051714432
180,19168.3401462954
181,20003.85738815854
182,24816.821753608307
183,24915.458874562974
184,21706.626203729837
185,17479.18975059731
186,17671.956667732255
187,16897.547785665545
188,19288.347104551623
189,24392.640023965807
190,16966.69837551406
191,20966.18744526428
192,24210.30443003188
193,49911.09688227284
194,28637.49187872927
195,16175.860057946144
196,22992.653415381305
197,28309.877055298508
198,81532.01144384548
199,43177.23761658551
200,18665.78069408721
201,16606.406359874218
202,29920.607716184153
203,22168.887552935463
204,23445.77127915487
205,30519.58387798386
206,17435.039845161038
207,23634.83915428413
208,24258.21093753055
209,19015.744255832793
210,24755.52614004195
211,16341.013312233941
212,38110.42069040001
213,16139.715400033361
214,26531.49578811194
215,23716.00707977855
216,33581.882433578234
217,43459.30789046868
218,16994.223427742858
219,19198.612732872007
220,16485.16530997564
221,19482.159305984314
222,43807.33580269095
223,28690.45739821536
224,16369.882643819468
225,21468.328461118697
226,17529.10749337803
227,22304.017320570576
228,24201.75697803503
229,23254.395309436033
230,24739.010789494594
231,24274.521081527193
232,16865.023374836524
233,19127.944517242493
234,29268.19247736086
235,18644.857242847396
236,17127.33484904957
237,16364.936183387928
238,27977.070149595133
239,24326.672424975088
240,22098.801655924934
241,17596.484854168022
242,28078.41794629467
243,18117.880445815543
244,16569.295763075428
245,31078.800424176276
246,23193.419154267693
247,19168.751480124116
248,30277.060512012547
249,16019.299175314198
250,28886.66310828477
251,23255.942281494223
252,17483.505835231997
253,35711.28058972336
254,22198.798419692677
255,39001.50259172123
256,16555.732753207536
257,19768.674927332067
258,36451.83107533159
259,26915.949377106987
260,33371.46159576696
261,23162.974490043147
262,16859.848918681084
263,24561.270557378994
264,19591.175871560892
265,20560.008043155343
266,17267.519387631048
267,18464.907511413334
268,41496.61114917358
269,37094.553650675625
270,17577.600256857226
271,18981.955612160884
272,22281.031781520367
273,24839.369956984396
274,25780.600141965024
275,23501.599343981932
276,94498.34486108522
277,18763.052089107237
278,25464.48120585619
279,19468.864787555318
280,19422.60218588911
281,18493.99426128683
282,25843.49716294968
283,31023.45259142225
284,19135.8977432152
285,21131.38835504318
286,29532.56662820284
287,25085.23331224835
288,26980.927867161794
289,43196.997270613574
290,17406.5642893876
291,17285.036386380012
292,32799.27463259345
293,21965.65619938
294,37191.03722070946
295,21258.05279212633
296,26512.910656685814
297,27868.067080584
298,30385.964591411615
299,16364.557699269171
300,19705.07741586397
301,16161.152811452914
302,23390.996029455204
303,23251.528970131338
304,25527.976464557636
305,31371.359640404917
306,17379.75335376699
307,30938.336170579285
308,27564.681358987735
309,31610.330787876486
310,27020.204115394274
311,32138.19837966067
312,22704.31915019039
313,22257.913374057247
314,16723.127330222258
315,25859.473506069888
316,64074.09361593692
317,34581.98367346084
318,34328.191493127575
319,16229.2440237592
320,17327.453372532327
321,17174.47255521835
322,18681.557730376808
323,20810.135927847226
324,28785.040273192262
325,16559.41414341601
326,22468.693693912915
327,19521.322366051994
328,19585.536283371726
329,21273.67727753728
330,20377.143400702204
331,31645.569547118546
332,26822.180127514843
333,19006.735174534235
334,25962.564099269504
335,32409.09487735653
336,42691.87278136231
337,19020.666490205214
338,19129.866947104354
339,23472.999907372585
340,19616.308690929527
341,38790.09939044501
342,17390.78375572936
343,29108.609270177825
344,16533.399439210454
345,53254.6399023795
346,26242.07823590161
347,30114.30294100129
348,29333.092911221793
349,27785.386169975907
350,16814.228154693166
351,17913.5213048409
352,17051.859010287382
353,18994.204355722442
354,16128.101724237325
355,27984.97579901968
356,21263.31460137158
357,20528.707305262924
358,19203.559406714357
359,15921.452383948055
360,17585.470742603975
361,20881.095697712924
362,27042.88428293977
363,19303.570997285096
364,16331.495623443832
365,30035.06067163589
366,22703.274393831234
367,20528.814988145525
368,17267.852878855516
369,18239.193821445766
370,29401.207486862164
371,20142.074314367557
372,23675.8935574668
373,23858.390882303862
374,17430.540391211543
375,23924.183858861586
376,23810.700530617683
377,24151.56633271369
378,26421.603771480488
379,26885.060430244324
380,18717.611920141648
381,27499.988649152518
382,39904.08441338134
383,29704.401785540205
384,16344.878839012983
385,38764.60960250943
386,19584.72609084384
387,21732.744545053192
388,23504.076202189182
389,17853.171397945753
390,24857.066483437113
391,26745.777637359195
392,32657.53574415714
393,28341.071735514633
394,27527.22574015575
395,29700.011071859877
396,19291.686223047313
397,34883.57400741556
398,29831.32529423825
399,18182.937685437195
400,26285.072862769815
401,16148.316597608957
402,17224.994473559684
403,20313.959230476692
404,17203.435972758933
405,25599.99691967304
406,19405.44516041802
407,34259.05941304559
408,35146.05547658243
409,21873.191151349547
410,18412.478690819014
411,28580.96453021032
412,16491.390602976324
413,17743.95891068398
414,16426.957737708293
415,28477.266483509615
416,24238.06838283771
417,16775.305182263262
418,17786.66653554201
419,92725.17397288304
420,22218.21576696259
421,24298.789602614244
422,16826.779198516815
423,20489.49937981917
424,38100.890174409695
425,17343.16610507641
426,21017.09113113587
427,17725.50561578347
428,22359.64565278501
429,16455.90630889252
430,34948.55798055549
431,23132.08443053309
432,17106.551159064464
433,29221.231211094007
434,30144.093323738445
435,16935.373341245137
436,16108.810895224942
437,23934.16830623043
438,16565.416662817843
439,16303.805735200447
440,22614.117175590116
441,22235.677801399564
442,23740.962530749406
443,22319.70275136118
444,25825.067606671106
445,17910.17943801985
446,20524.15332590656
447,27340.722709486003
448,24853.101887574525
449,24049.19189236355
450,21663.58030306176
451,75743.94376739206
452,28695.198309379033
453,24250.138031211027
454,45688.71801909219
455,43939.01144733686
456,31953.81588312943
457,19339.310765699836
458,24253.439733336192
459,16428.845710211535
460,17657.449014015325
461,20406.517347703713
462,19122.670799680087
463,24248.53071019839
464,30240.76423951783
465,19649.523359664385
466,16219.57099331757
467,23072.380651752832
468,22394.853887517438
469,16624.20400732672
470,18585.362406099845
471,22703.22567579594
472,41538.36419479005
473,17759.577165783256
474,31527.806003599213
475,16281.064952696377
476,50515.55730282208
477,26490.20124404963
478,16921.873813539354
479,29580.430227372657
480,27254.004367202415
481,20361.7865245289
482,19118.12785898193
483,17819.33241754215
484,17642.10144426241
485,22658.31428212252
486,30465.31181566135
487,31074.903007589128
488,26876.959238682244
489,17133.92110263796
490,17068.082840846357
491,28028.85434771453
492,21333.044745982883
493,23729.19155772499
494,16212.675155875233
495,21228.766608427104
496,24218.237040947308
497,16738.92466346887
498,35144.65609270008
499,16522.233248269407
500,31928.752832757124
501,17255.596163208775
502,24730.659954039238
503,19163.557895879952
504,23706.486686594155
505,26695.981973496982
506,24797.12586402948
507,22878.67314857618
508,22797.29415231686
509,19943.418769866457
510,21459.920105704623
511,20909.75520082818
512,16218.809155967649
513,16423.589694918228
514,17292.617141353752
515,34203.283149145944
516,26311.527010365407
517,18376.42508958818
518,17664.064323588093
519,21309.184926679976
520,32358.174242867244
521,17224.06631721517
522,32132.750745593297
523,28192.82773666103
524,21329.616765822517
525,30603.431533181047
526,16555.136701599553
527,19417.670852756855
528,27147.37822994495
529,30113.671103428747
530,18001.264256026578
531,22387.73734808508
532,25991.940805929913
533,26104.259141260634
534,19924.05819161117
535,22596.907504947154
536,17234.537670371836
537,23752.660056045657
538,28630.06403414721
539,17869.52273460895
540,25827.573795902306
541,38297.441487817465
542,17650.06814254866
543,25510.36797087954
544,24923.052050030085
545,23311.40728254001
546,16581.438632533085
547,23274.23096148528
548,36059.76428879094
549,33347.34585697129
550,16779.145413256425
551,24187.74476594323
552,39797.49768873918
553,32043.941519521315
554,23320.174071610276
555,17259.86732797425
556,22158.033356181044
557,30641.2296905035
558,17471.9312953224
559,39334.78772972214
560,20905.00703929023
561,16542.0053288023
562,20281.502496407862
563,16614.741248412913
564,24643.663243536423
565,16630.755407120523
566,25457.117609305693
567,16611.186181260608
568,25367.05743779281
569,17458.724227866973
570,16425.20509437898
571,21887.26893332064
572,21208.186120440583
573,41444.24664286863
574,19303.373087858927
575,37575.56329756903
576,20648.63531783224
577,26562.611848757722
578,22602.236628842464
579,16666.52928500283
580,19586.736457237424
581,24255.197740598614
582,19717.23800471441
583,24263.06985521149
584,17263.28749059961
585,25807.86951981372
586,22164.754510600756
587,20073.960858665578
588,16648.420366696304
589,21715.247712931116
590,83191.50150174752
591,16158.99700171742
592,34276.06989920707
593,26483.60185188005
594,21296.357369972222
595,20526.688355790433
596,16473.495536084378
597,25250.432468504587
598,22236.213273196354
599,22800.452417992758
600,18855.317829583764
601,20109.32881447547
602,29950.02797094383
603,17268.90280068946
604,16255.737500548144
605,16002.900752743037
606,19486.58198797787
607,26739.2548347741
608,29524.723604791474
609,30085.17322452326
610,28919.934406452947
611,16900.882052280478
612,21032.212561547385
613,23744.85162990095
614,25792.435471713845
615,16704.048817621388
616,31848.775736512307
617,16934.418393923333
618,20542.37530666184
619,16475.08834644743
620,22934.446856725717
621,16778.001252515725
622,18015.012725056502
623,19970.57471035696
624,27991.80914675744
625,35560.696985736125
626,18016.232646369022
627,18822.572667028726
628,17870.09793359188
629,18785.94005801361
630,16530.05292820838
631,20297.64089353073
632,27452.303479931143
633,16113.45134433358
634,18603.59076910542
635,23134.047980996842
636,18284.610439435404
637,23292.828366496382
638,17689.046702753923
639,20207.754267572214
640,26868.091746258207
641,19749.564028738496
642,24901.567809395314
643,16384.904844479373
644,30075.333337110886
645,20183.27367092304
646,16875.642614079767
647,32350.375289183852
648,17529.97058205986
649,22021.0392094193
650,23496.904116624908
651,20433.614435932173
652,24537.19621707602
653,16156.883855218648
654,24431.928934514195
655,16840.76300587738
656,20605.562420813592
657,16240.951824634836
658,17566.120489127075
659,20204.35535391804
660,16258.42372687787
661,17841.339381884398
662,19155.332840815765
663,28754.30987976144
664,19046.302635568532
665,24486.73030830755
666,17611.15657258469
667,17858.744374459453
668,19149.30505150906
669,32526.71439123171
670,23756.783306372887
671,17217.75535914869
672,26009.931303380836
673,27268.212914828022
674,17089.182433354235
675,25212.35802296872
676,20258.36949874664
677,30833.4727422292
678,39483.50920763644
679,19220.072801497237
680,20475.86167598053
681,17423.590861712957
682,26433.73966359359
683,28109.840140919925
684,16918.30143942494
685,17189.944104699287
686,19588.179565205453
687,23903.97098339737
688,25063.87221286154
689,23121.739934156398
690,35352.709350669604
691,17794.866104216006
692,25199.68330853124
693,20499.846647610142
694,23582.607715074984
695,22975.68157440424
696,19726.668504267684
697,21987.865541268828
698,16481.531863232958
699,18952.26864939774
700,21922.308335474863
701,26578.139201939404
702,22431.315542725726
703,25132.21633086269
704,18935.165891211385
705,23530.65439958783
706,30384.993801451714
707,18688.66141226363
708,28517.64655580776
709,16187.730052766656
710,30469.459690550284
711,19152.012755507356
712,19410.60710588595
713,17407.066481327307
714,27288.84993805954
715,17094.861355480716
716,28561.624791973452
717,29886.36336280615
718,26770.42306061441
719,18698.019047402388
720,43185.55636903222
721,22519.118512576864
722,28461.036822817572
723,17004.356389853787
724,23180.919237885206
725,31963.081470296853
726,16364.007547241645
727,18840.999979141412
728,20360.28885325276
729,20093.72101182427
730,43396.50932250535
731,16371.166821512426
732,24067.61659468687
733,26475.50168850223
734,24349.193298926446
735,18590.92456251453
736,24300.261201585196
737,32579.27510322045
738,25641.50553743653
739,23857.57174918687
740,17842.041296649186
741,21803.670935991817
742,25539.854148880266
743,17155.45589724127
744,22481.182100075497
745,37870.59596010095
746,16894.17792365004
747,16450.410218119694
748,21436.421825482346
749,25169.85168967217
750,22048.781740693667
751,17538.51180774424
752,19293.03629245736
753,31835.459384767797
754,23750.717618810133
755,20793.53305767661
756,19988.36718654872
757,23788.711726351736
758,22718.143690573248
759,17245.975514340415
760,37634.79275749753
761,25271.850126612637
762,24283.835333965064
763,16583.19212974375
764,24398.881279734742
765,23496.971344764013
766,17093.98911994412
767,20057.72052725081
768,30892.37041711317
769,16735.70215312259
770,18560.663066049736
771,21259.649446326745
772,29293.70935067716
773,30664.887294343105
774,18560.04793934108
775,25664.07483133482
776,24133.85417043069
777,16626.93526058162
778,38258.40784919216
779,16333.047444366055
780,26754.02427724602
781,18070.352956502265
782,20680.496111476143
783,24032.935729155157
784,23711.144643681964
785,16367.595573759181
786,39491.62477213187
787,16958.60745339396
788,16810.4901191739
789,17760.48336153721
790,17961.387903161365
791,20465.304493375068
792,19334.578061575026
793,22373.206988203376
794,59724.764822539146
795,17971.418333313482
796,33232.89916385443
797,16835.50567444901
798,19962.284114867816
799,22629.55935227421
800,40017.61578485484
801,20978.27343058286
802,20376.208155525266
803,17152.607157752802
804,25403.984455239744
805,31665.61575914254
806,23109.14089949302
807,20444.830401850886
808,19955.869180926507
809,32262.98762661325
810,39662.01193582505
811,23908.89006233596
812,28495.448440119457
813,19009.50657054963
814,22764.666252268747
815,18310.84587275571
816,25788.967311188793
817,17171.12321129288
818,17459.47353402077
819,37446.355985665956
820,18698.53843416433
821,24222.094591265777
822,16454.21923351949
823,28533.888086827723
824,17021.287849201057
825,19580.67796519586
826,17555.368155006738
827,39119.76853789699
828,17656.9627538922
829,17495.630331850865
830,22268.96516276999
831,16862.91038062279
832,18328.54279871285
833,24560.667386315577
834,30196.950791240983
835,19092.652244783574
836,27761.6729188008
837,17802.55371436526
838,16841.026015923966
839,28057.096874476898
840,19302.31683814076
841,19593.27332511606
842,22498.070295084955
843,19060.4151947116
844,22857.959216958752
845,25401.80402150862
846,22306.17916409179
847,28077.802044796
848,35316.83696059615
849,17056.8605772687
850,18759.556219314753
851,20655.654613015617
852,20633.6789596855
853,16973.947283649228
854,27459.497792414575
855,34847.82867216338
856,25822.598601547284
857,18008.72972069347
858,24557.80398985269
859,16996.267773096715
860,18317.485403187355
861,20778.555973085713
862,39839.49784938521
863,26776.378879744872
864,16618.35254934358
865,35847.131280328
866,26597.448594547706
867,29940.696292794215
868,42177.86959005901
869,16384.578637929888
870,17506.544349517724
871,16347.375161364265
872,30615.524495782305
873,29425.879126611322
874,21100.410090802718
875,30833.4727422292
876,17535.67890398291
877,35188.94384458575
878,38842.712868166374
879,28920.437766863703
880,23149.778944642316
881,16725.739243612577
882,25103.11097948482
883,16188.237610486289
884,18619.00226577132
885,18761.806205400288
886,20237.207333118644
887,24890.841536776923
888,27159.16753518902
889,22384.66827116663
890,29893.226202325928
891,20506.51955679543
892,16480.48854979922
893,32293.83323703298
894,17238.409039693703
895,19276.01669357257
896,17736.030183122828
897,17497.91021700975
898,25719.763268711187
899,18905.30868891536
900,20056.142406690004
901,38989.83419132245
902,32338.753631545926
903,28472.337553176072
904,31167.624832779777
905,16554.511067862604
906,22957.485164333757
907,16253.342365703247
908,18885.38201508657
909,19544.3383845729
910,36624.40764798216
911,30442.41786607608
912,16152.88369566534
913,24656.97540138394
914,17099.614598295888
915,17092.22644332149
916,25192.696611397296
917,18685.69174920038
918,20911.59992183378
919,29093.42791583691
920,23632.0273451788
921,21596.55417895072
922,17335.33585843683
923,26813.886907425174
924,25784.57743638944
925,17639.329615966122
926,24703.96328618814
927,43935.90015131088
928,21922.747401489367
929,32187.590985665996
930,17756.973168979886
931,18568.681491707583
932,41016.53284809095
933,16756.96820708147
934,28783.46866005425
935,29005.029987118523
936,16644.2231166523
937,33973.17807509866
938,33044.53686334976
939,18390.01939812929
940,20905.98150838684
941,19882.00129779005
942,27238.374423381603
943,23724.59793492754
944,16060.967124847992
945,31746.80569127948
946,18852.75545669185
947,20565.68548914017
948,18294.382979086884
949,23526.8620858839
950,16677.830766487794
951,24005.984827596432
952,37352.255696480715
953,16634.21947439533
954,20053.373822455313
955,18746.343557660228
956,16468.686615372153
957,19905.508987030982
958,36809.33144865743
959,17115.318655963063
960,23952.921793452133
961,25347.317695936967
962,30470.454973952284
963,40694.86732711161
964,26060.336171487117
965,17035.30128429788
966,35584.85215095018
967,23976.794490099055
968,84047.8159572919
969,17800.24262633012
970,27349.46578392039
971,16348.252180072262
972,25191.11691319795
973,44934.04835702733
974,17006.26611613775
975,17643.624242406113
976,16901.804883971563
977,16733.24029396162
978,25246.603777619162
979,17445.483467593072
980,68045.12966507074
981,16702.875925964876
982,18147.703479330474
983,44050.72384077927
984,31667.344735624658
985,18493.95016583687
986,20035.54259237751
987,16117.826037497678
988,20428.156098313906
989,18465.277334812756
990,23639.65212485242
991,16729.32680316879
992,29404.046687111113
993,17183.670231255208
994,17932.223769192795
995,37277.19374024427
996,16777.22918813104
997,16049.578486925022
998,26450.024120268215
999,20925.635099414318
1000,24324.317670293112
1001,35096.499315858804
1002,24502.779295645596
1003,21828.508571108767
1004,23696.263871029354
1005,26066.165092564595
1006,31732.92669069517
1007,32920.39008640294
1008,27860.85872680661
1009,17574.98941733215
1010,20238.92999020498
1011,30289.82613295975
1012,17026.913762225482
1013,26635.69667639157
1014,22227.647271572314
1015,19806.513022836276
1016,63042.0156997328
1017,23436.705815504665
1018,18356.046994878092
1019,20116.21035169122
1020,23664.865774304068
1021,17816.330964962628
1022,21622.444707322742
1023,18528.34123472709
1024,31130.290672242776
1025,16896.61108592518
1026,17087.683040071566
1027,28016.861219902574
1028,16194.669339596705
1029,39153.015178771275
1030,18556.769082665243
1031,25762.080304087365
1032,18090.584280548843
1033,17249.878243264728
1034,17767.63927362423
1035,20358.939344319362
1036,25734.239587492182
1037,17299.370067862605
1038,27935.29073294013
1039,17034.105134807247
1040,29776.104601221137
1041,25782.118449351467
1042,27330.222980040664
1043,21382.25925235069
1044,111290.73104103362
1045,18269.65213356646
1046,27474.7240030569
1047,33011.71487779509
1048,36285.033158454076
1049,27949.31466896167
1050,40929.68656824636
1051,21917.69344735144
1052,20491.419398857877
1053,24890.170927254094
1054,21634.74906503708
1055,24903.064037520606
1056,20856.711925817694
1057,26718.982459824296
1058,20748.085036841476
1059,25272.555121936497
1060,17270.06808279065
1061,22115.747995552345
1062,31958.097835445726
1063,17423.47661756713
1064,23908.371316819976
1065,53476.05443056108
1066,23156.21014358986
1067,21379.853053254614
1068,18259.170098084716
1069,18001.532512666774
1070,24046.261990417515
1071,22377.656342362578
1072,17102.931644256445
1073,25008.017749992214
1074,16727.065294669337
1075,26802.669245963785
1076,18048.115162814272
1077,19243.935769336844
1078,25844.87744486408
1079,24262.69383279637
1080,24715.4163377873
1081,31166.569623189353
1082,17075.00661131722
1083,18325.296099352236
1084,16697.016683946254
1085,17090.29484000053
1086,20927.773123077808
1087,23918.72555420488
1088,24675.295037413343
1089,17078.524522607793
1090,43090.17232796723
1091,37876.9440844294
1092,26424.268653427145
1093,16974.475444002604
1094,21870.875719078504
1095,25201.67213798234
1096,100965.77367536235
1097,21634.813544690034
1098,16146.976749796488
1099,26351.789066501988
1100,37206.5670565532
1101,41931.7103474123
1102,22545.969842493054
1103,19619.061375552083
1104,21390.137370154564
1105,40471.86357794048
1106,45412.074468685634
1107,19117.929571554716
1108,36874.81669839332
1109,23611.852992880413
1110,16459.8951643777
1111,26222.21404194804
1112,17250.62475618957
1113,18798.878072647956
1114,40736.784946752705
1115,25181.4006446111
1116,17009.187885225987
1117,16954.338070168076
1118,21823.09389764497
1119,24581.119045104253
1120,29415.209854980058
1121,30392.152294978365
1122,20938.029691636395
1123,17776.050465661756
1124,31316.909463947162
1125,20081.416817391004
1126,29391.423109817093
1127,32442.740968374066
1128,20209.529831072236
1129,18815.153404350942
1130,42130.34049568971
1131,25824.02086744579
1132,24202.143597047205
1133,23997.171930322333
1134,19382.363940116145
1135,41482.76213852436
1136,19206.309127170385
1137,56997.29174581042
1138,26183.916652920565
1139,24199.523941313983
1140,20595.021846750617
1141,16689.43636695649
1142,17053.432515904915
1143,28658.673176239157
1144,22122.48269744312
1145,34696.716249292745
1146,19602.483289017666
1147,18739.35869462428
1148,31561.899225259473
1149,49270.67900118637
1150,25675.593431089237
1151,20191.511613029124
1152,17113.8883783701
1153,17350.600668691888
1154,16724.544890616948
1155,17351.202604480965
1156,24528.387153669737
1157,17749.510493911985
1158,16769.786389878172
1159,17407.848850528364
1160,28430.157481664413
1161,26235.327976622473
1162,28295.49680161468
1163,19956.935021187386
1164,41140.987373195996
1165,20562.363649780047
1166,23826.57345802959
1167,20329.076459164
1168,16314.262220916506
1169,17484.973254931727
1170,25170.271777086266
1171,17971.898255066608
1172,33413.52287605526
1173,137627.59762092476
1174,16546.26556987843
1175,23780.89144911527
1176,22537.402737792487
1177,29182.839736748847
1178,23348.793292585866
1179,35083.44782551876
1180,19637.77442580586
1181,102892.30719642167
1182,16443.73774099538
1183,18189.489637690873
1184,33563.81598540535
1185,17871.783160147
1186,17687.90165169481
1187,18848.80918460068
1188,18414.924147484864
1189,34893.065144297994
1190,19037.444754521013
1191,35070.59350757682
1192,26752.805936066055
1193,19413.675770614773
1194,24471.65454483418
1195,19606.947309276995
1196,18257.696476200286
1197,17788.08941781473
1198,19133.37707717529
1199,28977.78159138741
1200,19409.410782059535
1201,26906.228619053014
1202,22103.00935557976
1203,16108.663022092021
1204,18106.110443606012
1205,23067.182676455774
1206,26341.39904231651
1207,25131.844815613556
1208,22158.714889818482
1209,33440.843691598966
1210,39486.00395419999
1211,115486.99493162365
1212,16639.03308813231
1213,23900.033029841972
1214,27962.1322373255
1215,36447.19904949319
1216,31279.664971399554
1217,32772.60297764572
1218,16800.31845398721
1219,23623.571394566814
1220,39660.15852493644
1221,18500.448764086137
1222,21047.129084544278
1223,25077.243936533367
1224,30180.331137723613
1225,40317.583318963974
1226,23856.786773005424
1227,66012.53023678271
1228,20374.86730745802
1229,31447.828446043808
1230,26314.43802680012
1231,29786.720118362122
1232,22721.133886942727
1233,18567.335623930925
1234,17265.520633855485
1235,27896.18085614068
1236,17582.688946040736
1237,16112.041397673924
1238,24213.329369578227
1239,26929.956006919467
1240,26564.442223549442
1241,22711.06521109799
1242,16512.135595943928
1243,17466.372824184622
1244,18041.51519290883
1245,24096.452125947464
1246,45047.62460512203
1247,27733.370686539918
1248,16178.357570152291
1249,26359.69425905914
1250,18109.080832440734
1251,19215.32116960015
1252,19074.117528243078
1253,25591.47139618022
1254,21764.513601093226
1255,30232.221361192827
1256,16326.216253026385
1257,23463.890349222012
1258,24045.258681392188
1259,28784.800064755796
1260,16389.86124814868
1261,18586.90235849699
1262,19105.061242270487
1263,16755.755643723605
1264,16303.247907346618
1265,17950.588375703075
1266,27049.758473373728
1267,18152.993993244825
1268,27879.119080554843
1269,24657.03419064861
1270,16442.32045781425
1271,22707.161347278397
1272,16063.387533109459
1273,26943.57805306898
1274,32806.94714098417
1275,20639.433340331507
1276,34100.80708867138
1277,16637.04559301996
1278,17286.066745145177
1279,27786.929789085912
1280,17220.48558091816
1281,35304.225410943574
1282,32068.17746684679
1283,16277.975216247054
1284,16775.391177814818
1285,18704.06533517516
1286,22668.159595922745
1287,29720.653070669017
1288,16157.846968848899
1289,28418.107834068804
1290,24335.844220808915
1291,17582.179591624958
1292,43236.13136725217
1293,23558.84662049855
1294,21098.302220409478
1295,16849.565030624773
1296,32491.95085765683
1297,16758.094950851948
1298,19499.974617773038
1299,27508.671152014966
1300,19515.570270954675
1301,77379.45554127466
1302,16585.81184806765
1303,24050.71145369988
1304,16041.219202361332
1305,17110.579406811612
1306,33342.329238373095
1307,21476.44055250416
1308,16860.819762053925
1309,18793.347801786043
1310,27433.236873629256
1311,17887.142872816083
1312,17544.683058622984
1313,17332.21136178285
1314,25670.996388188763
1315,47149.777404836284
1316,42477.81213480094
1317,16589.025275143787
1318,33255.481109048924
1319,16525.934772136698
1320,21540.949527319895
1321,29118.18842086513
1322,19301.787584418533
1323,108657.69981063905
1324,31932.20916123462
1325,24441.72899377715
1326,27832.495197196644
1327,26764.889740898714
1328,26843.50361533334
1329,28353.960791621044
1330,21950.025926222632
1331,34634.0584612559
1332,26473.134610603378
1333,16129.295789202974
1334,25319.786339904218
1335,28319.098837075082
1336,30568.17977218359
1337,25810.318654983483
1338,42699.38537753544
1339,20076.40199133363
1340,42520.52200731581
1341,51282.65396026858
1342,28995.41892849535
1343,35656.23442823837
1344,19316.054896278016
1345,22287.115367518032
1346,24944.774883674323
1347,27823.37216189289
1348,21586.288998401837
1349,24932.627025997972
1350,18762.955904833056
1351,16756.283008108934
1352,27789.129428841487
1353,16468.132962899646
1354,16467.16313427806
1355,17142.069094672646
1356,23519.127885217265
1357,37952.02827606052
1358,21377.419091335425
1359,17613.797982741627
1360,19153.866817479793
1361,30736.86381394108
1362,25472.01698244636
1363,17763.75494354618
1364,16659.68573604132
1365,26904.76599703403
1366,27191.395721075514
1367,20390.547627458793
1368,28336.348792821685
1369,18935.734756210346
1370,17740.337777134846
1371,25248.469890904005
1372,16603.76755330863
1373,26680.6402321027
1374,21324.80123174677
1375,28478.373233911203
1376,26590.518167790102
1377,41901.66851710149
1378,16755.24427592702
1379,16446.8236458005
1380,20417.840146226943
1381,33953.727264408
1382,31118.721490938195
1383,24155.7473078666
1384,17338.541532469997
1385,31596.933324327285
1386,22143.868543515313
1387,39222.660469207345
1388,16931.364135408214
1389,25565.997195615975
1390,30286.460916497617
1391,23038.32085940052
1392,24134.60798209306
1393,28145.377259277608
1394,29860.33738344
1395,20715.63853868606
1396,37466.941016608434
1397,17415.840575850256
1398,33522.1729483826
1399,25329.74322085155
1400,36561.45042628352
1401,27203.554386703177
1402,23850.644373056224
1403,16668.003648056878
1404,21592.49694464137
1405,17929.233226767818
1406,26347.39761926687
1407,21874.142948533532
1408,16146.76692737656
1409,26961.10866555967
1410,22347.323330217143
1411,34069.3159332949
1412,16644.09413991256
1413,21695.09566232141
1414,15931.931468030743
1415,20967.41722721934
1416,17233.10153950282
1417,37866.505911654946
1418,29064.55802924972
1419,16537.03840529485
1420,18084.102447142173
1421,16581.810271474475
1422,24310.443167452166
1423,22271.235121099773
1424,18657.893836443993
1425,26361.309522517346
1426,20499.191695186873
1427,18754.20072783881
1428,32492.082555617686
1429,21526.073103471048
1430,120261.46032301622
1431,28984.75369162365
1432,27157.07603292025
1433,28421.339999713862
1434,19390.24726217558
1435,40775.595725824154
1436,23774.456818965085
1437,56708.85408780043
1438,25904.65140737049
1439,18745.413879989577
1440,16094.707606019898
1441,20018.094728618238
1442,16879.3850747624
1443,24374.58253476794
1444,28099.527429475995
1445,16617.298594360673
1446,33909.12643378473
1447,17499.656313451596
1448,17338.785444247922
1449,27424.01585083107
1450,28631.716016784674
1451,16401.841340329862
1452,24344.299721770585
1453,17147.965932388626
1454,26460.923851523028
1455,29470.920655187507
1456,28365.71947680144
1457,26849.89180326332
1458,28112.903188767224
1459,16398.845985388773
1460,23010.460731943975
1461,18224.15317424302
1462,24106.502716557712
1463,25115.46166261031
1464,18360.485465686797
1465,52564.453001582115
1466,27855.385609790574
1467,24558.56518741879
1468,17638.77446143538
1469,24208.08214847818
1470,19413.286953677718
1471,28067.240097991922
1472,27727.089628100468
1473,19402.840414702645
1474,32285.11066840182
1475,16683.92593228551
1476,44121.50616095536
1477,17992.42046397965
1478,17057.22050267891
1479,32523.216978905417
1480,16131.991893802586
1481,21547.60681307849
1482,37673.10932138249
1483,22980.40963328747
1484,23940.531998576706
1485,16978.132545180724
1486,19170.15008116407
1487,18264.79359148581
1488,26378.127967306176
1489,22169.257555939243
1490,28104.358319598086
1491,17575.546755010888
1492,19705.30998283768
1493,20456.757311859343
1494,17524.60256774104
1495,18441.337755499426
1496,27555.757796017744
1497,20139.867694230532
1498,19551.436810314997
1499,51522.851216797244
1500,20475.34418370757
1501,16639.513137515118
1502,25988.278518745905
1503,22116.030105185833
1504,16419.282739643775
1505,16751.05204799022
1506,23555.23509871971
1507,23833.226763047103
1508,20838.64835701238
1509,26105.24254843212
1510,18868.620790195593
1511,59057.642109989974
1512,24045.149753217185
1513,55383.61639614518
1514,23217.027587653454
1515,23260.605999118518
1516,41439.049396119306
1517,26404.379873290363
1518,24151.491473362596
1519,20000.626292768826
1520,24472.39556746437
1521,24802.802354203013
1522,18451.607599456715
1523,17909.47484281698
1524,18833.921471299913
1525,17721.945291795364
1526,42923.281019908936
1527,25621.937101367388
1528,25617.221399519
1529,16510.791152088856
1530,20678.78271106661
1531,46286.57348461439
1532,17447.61329527371
1533,20929.55206535532
1534,41052.84004529684
1535,24731.803899016257
1536,16070.424873088456
1537,25571.77652220724
1538,17896.19734084971
1539,20463.708943626276
1540,16847.77935193243
1541,25674.913922842345
1542,30376.149449994824
1543,18379.13087710006
1544,18717.676631793925
1545,18010.49672836291
1546,17287.620642303835
1547,16792.773322322646
1548,17405.431297979252
1549,19323.399833462416
1550,24313.654529585787
1551,36071.063247403305
1552,25286.496375258772
1553,19202.787907256818
1554,22837.917455858442
1555,17552.176799783763
1556,29605.626366866913
1557,35212.283994637815
1558,24677.630812973242
1559,16929.52740449463
1560,18744.33005918132
1561,18405.552391680605
1562,25785.37050971991
1563,16894.032911797054
1564,96160.78455097544
1565,22064.108818006127
1566,22467.681207353176
1567,17079.530354988125
1568,17112.237892727437
1569,29159.984802577415
1570,30161.31146416681
1571,25068.10352927794
1572,25444.950792689342
1573,25653.258664900783
1574,31194.470375435627
1575,51104.21894248661
1576,16109.064395182162
1577,19746.96724033647
1578,19088.473707714675
1579,16737.515861257794
1580,26334.309292461603
1581,44183.84738142981
1582,23871.039818571262
1583,25008.07141358008
1584,32520.758934095764
1585,22766.321778590074
1586,40599.611627242855
1587,29788.367815381353
1588,18455.173693753295
1589,27791.826212733205
1590,27186.579150647616
1591,25704.296108498624
1592,18828.834314045063
1593,17374.120642084235
1594,27878.41449279029
1595,17151.787184753186
1596,35972.9219391544
1597,20579.37320264927
1598,24518.172368064585
1599,16729.183206238245
1600,24778.798492381396
1601,17951.966586091738
1602,16984.588532527632
1603,24916.843060395455
1604,16752.408066021162
1605,25913.59636200716
1606,15987.16902738334
1607,16200.732791453302
1608,38746.868175715455
1609,28569.70924019699
1610,25691.018818754026
1611,16648.799461236595
1612,16703.867601477177
1613,16979.942160480314
1614,18169.726055148316
1615,21754.090788089416
1616,16264.89497409739
1617,25733.834630567468
1618,22750.65609437514
1619,27859.842399273923
1620,27061.24729986724
1621,18466.256962348005
1622,21013.99199217686
1623,76013.22955641664
1624,27524.50869269845
1625,20444.94008212631
1626,18139.56840201732
1627,17895.20528518226
1628,17998.90806146199
1629,15951.097966400659
1630,17198.50214616061
1631,25225.225557906753
1632,27980.652432971085
1633,17716.041167938427
1634,22743.63255801049
1635,22445.8836397308
1636,17605.251577310308
1637,17543.86107577182
1638,16717.607765317167
1639,19898.488397617348
1640,44719.01192264177
1641,17281.523324731133
1642,17892.442753298674
1643,39592.63434600314
1644,18332.54187965067
1645,19850.499737129634
1646,17736.400210266704
1647,16998.08540057244
1648,26381.530684096713
1649,25948.243936168896
1650,18938.73286679665
1651,17677.51733638714
1652,26072.08234550429
1653,19306.59972485027
1654,16169.420377177534
1655,37442.21355533287
1656,27824.340720452306
1657,20598.459465584598
1658,22384.326695582477
1659,30755.901764111604
1660,17229.440871705145
1661,21133.068712907647
1662,17272.12089991926
1663,20222.630937372916
1664,22815.70631118532
1665,21094.999978149877
1666,16920.984179504037
1667,28720.831943590052
1668,19559.279301896328
1669,28903.293970107876
1670,19368.717266299485
1671,26043.906627081797
1672,16523.442702390083
1673,28351.412254411538
1674,23898.089937266563
1675,22201.243848482194
1676,38457.697226806544
1677,27909.21361244262
1678,84515.65653987436
1679,19573.34957858798
1680,38907.81707170808
1681,17725.964178333114
1682,20267.015003873035
1683,19198.9652070252
1684,23535.732344562515
1685,27234.65340186107
1686,18703.053025401507
1687,27554.824865698767
1688,27983.941599758517
1689,25472.20525359806
1690,21571.684718321136
1691,30545.230370697493
1692,16902.844641172607
1693,16024.278715476814
1694,33446.090440352586
1695,36024.32539238582
1696,18082.07600320131
1697,29985.818013207372
1698,17206.779311173144
1699,19510.738611331624
1700,27573.404009119095
1701,24569.107271286386
1702,18166.983954981904
1703,29344.886816061313
1704,21844.427315978173
1705,22753.959804482194
1706,24366.900821131654
1707,24217.197686354797
1708,22558.095116916822
1709,16435.484713505703
1710,31182.527908935735
1711,16947.03894521865
1712,24863.805969372403
1713,27147.682447504263
1714,25156.3646096307
1715,40101.819303685064
1716,31978.242897530574
1717,19707.562970646937
1718,22842.954841882936
1719,17858.73798731828
1720,23849.706090110423
1721,50804.60813978435
1722,27479.309891876255
1723,25222.916133697632
1724,17395.333087866453
1725,16680.59270435014
1726,35787.310490280295
1727,20249.365573447198
1728,23834.800873751836
1729,17216.205689014274
1730,24570.50736602143
1731,17536.579947729486
1732,19423.021291171484
1733,23664.80935055042
1734,20515.356558476007
1735,26715.88018682743
1736,16498.90260961045
1737,17565.58020313577
1738,19068.30169898826
1739,18812.34530244098
1740,16844.465601665746
1741,30294.166803270295
1742,16989.537962311813
1743,28930.175722132917
1744,30492.01046885302
1745,34417.57837393006
1746,19813.867287743535
1747,16467.681416152755
1748,21065.247797063465
1749,17951.782533241476
1750,23829.840220265007
1751,18075.101598313904
1752,25421.349807671228
1753,17176.872364589617
1754,38781.87832850791
1755,19853.777586921213
1756,16773.86332251269
1757,32665.59566430893
1758,32744.53988709278
1759,16786.6924271472
1760,18765.0698356716
1761,21027.48422284082
1762,19211.317331307997
1763,20091.16280479766
1764,18768.78600981847
1765,25383.71364270409
1766,18653.95721691669
1767,27578.86775229124
1768,20110.700138570734
1769,17112.800957703286
1770,41895.31512050799
1771,32050.55089568273
1772,27549.293631956625
1773,22974.73936606638
1774,38607.25378262542
1775,24088.65129822034
1776,17972.17892953078
1777,32433.081153631072
1778,17799.56781975193
1779,28519.013262968398
1780,19569.41811979589
1781,34201.64404616681
1782,19119.723349904303
1783,20557.17971081503
1784,25325.08733321832
1785,18833.06827753391
1786,40397.486245256485
1787,42230.748177107256
1788,23653.63445747625
1789,29304.117959802104
1790,16987.42151983334
1791,16380.73692131792
1792,21152.335610125756
1793,27842.836040524995
1794,16616.008977226447
1795,19347.065866955792
1796,43748.665347377755
1797,36995.25068439661
1798,25457.305770336076
1799,23523.524682338502
1800,19986.460942838246
1801,16801.30589950865
1802,23717.12105723956
1803,23301.76039834435
1804,17234.346590264373
1805,55060.0985555337
1806,18112.94997634175
1807,22670.0080953808
1808,23033.72367532092
1809,24149.441568997918
1810,39784.87023102363
1811,19838.547863444666
1812,17031.134417178157
1813,31120.92516633338
1814,34418.77647495074
1815,26026.662098474495
1816,18953.60626476491
1817,36023.191648116386
1818,20376.866466488278
1819,17002.477282570297
1820,31160.692313623105
1821,35048.341672327966
1822,17654.77790613448
1823,18763.86408297847
1824,26748.46883666103
1825,26937.23180159433
1826,17509.32662411618
1827,19195.253109266254
1828,25897.72242617425
1829,18876.670982069714
1830,18110.605072829247
1831,21783.060282890092
1832,18498.92038483623
1833,24757.916733850645
1834,16844.997766107794
1835,18664.343235569264
1836,16155.279435391249
1837,16444.76500460295
1838,16534.57817152235
1839,16129.50538460473
1840,22058.869751113467
1841,28588.291025784587
1842,29579.978854012363
1843,22731.889929016765
1844,18987.693043723433
1845,16835.83483679893
1846,22841.985399114637
1847,18956.769919958682
1848,21047.859254770705
1849,17617.13495654426
1850,18966.768280328703
1851,16324.024803421495
1852,17774.232294006746
1853,48274.46297343812
1854,24216.55099934159
1855,18593.061227516766
1856,35271.28658016452
1857,17111.578967024605
1858,33508.54043540116
1859,16575.730672403897
1860,16865.38528431891
1861,20827.36532998612
1862,17870.283279430278
1863,16687.060887874915
1864,19571.49457826603
1865,16830.50480413205
1866,22496.772197011942
1867,38367.41272415073
1868,25183.490106649544
1869,24199.71434726256
1870,16401.890224679275
1871,16612.271435856346
1872,20621.444856901617
1873,28905.55441168049
1874,17353.92295272076
1875,21234.13002006091
1876,29672.937549919334
1877,38053.20982208895
1878,16402.06816494144
1879,21133.9530328467
1880,22207.400958169426
1881,21535.583074824277
1882,18351.546150833266
1883,21467.97783393703
1884,17139.888698180424
1885,18805.47484624288
1886,26298.431420854526
1887,19517.6828985708
1888,29276.421072250556
1889,23484.01107548419
1890,17514.516653603263
1891,32772.227915670854
1892,20203.731519039877
1893,36670.66498304815
1894,19934.828118710386
1895,17577.009326639625
1896,52780.720244240074
1897,25281.522932013602
1898,25894.17219598575
1899,18461.414366505058
1900,23474.365526693775
1901,17343.672670975036
1902,21985.08192126043
1903,36480.39229926032
1904,48675.94956753709
1905,39077.93081974028
1906,18902.37220564504
1907,24634.087638987065
1908,17886.49036027955
1909,30960.193117540155
1910,23099.836573924596
1911,23223.2227606585
1912,19469.006368383776
1913,18480.64475843654
1914,20979.781542127566
1915,19516.217064372497
1916,21801.965849181437
1917,16274.208937553341
1918,19597.27499231963
1919,16302.143969805424
1920,18747.058725702962
1921,18368.667056405124
1922,20423.989647626917
1923,17104.218268544097
1924,37760.12148950536
1925,22537.89711201834
1926,30161.635072397654
1927,19251.145417688243
1928,44697.394447539125
1929,16342.392639256965
1930,30208.883138004465
1931,23107.0362185201
1932,25168.16540932631
1933,25383.01765069941
1934,17270.82988214073
1935,19570.288339056744
1936,20935.548688539027
1937,18628.580416052497
1938,30023.970090744097
1939,22773.444628655197
1940,26786.199617679693
1941,24805.10879948404
1942,17900.03380688539
1943,23658.9476555853
1944,31821.28366812241
1945,27186.30690700309
1946,15914.193790239404
1947,18877.33485989797
1948,25816.68256983039
1949,16592.55581871127
1950,50863.54782477965
1951,24654.682729386735
1952,17896.22294301418
1953,23861.57666733376
1954,35080.55372955858
1955,16620.365551354702
1956,18823.1538576845
1957,24585.17507674325
1958,16885.563962391134
1959,17842.86235926224
1960,27015.385661957618
1961,19440.947080643098
1962,36519.29237655747
1963,20084.361666372293
1964,22811.218813008494
1965,16114.61934997728
1966,20998.508157274617
1967,17476.487269625202
1968,23328.832911913607
1969,35121.14304919757
1970,16437.873373307026
1971,16747.715392957067
1972,56607.809506978476
1973,30636.656678056675
1974,27940.526400662176
1975,24967.129787767128
1976,15997.813422521713
1977,25083.91154074467
1978,26230.09287312193
1979,18475.829226248527
1980,23787.838268359854
1981,23767.62157786769
1982,19311.710053477353
1983,22593.297993378666
1984,17982.93141774069
1985,24473.32917122285
1986,24161.35187101822
1987,34366.20598188772
1988,18579.73989370462
1989,18553.470898409516
1990,15981.94570399649
1991,18076.146725552666
1992,25757.695005896952
1993,17149.305011676686
1994,16406.067441518848
1995,20903.883091702945
1996,21791.2133591434
1997,19977.373043270814
1998,19954.351408447226
1999,35448.65152731023
2000,22416.2224258575
2001,18950.21722005834
2002,20186.714762896856
2003,19356.912382110833
2004,24074.41182570389
2005,22660.950807436227
2006,22107.84775101579
2007,36596.80690737556
2008,21868.899451647907
2009,24428.812616920794
2010,17141.562286118606
2011,17783.99920304684
2012,40545.266127838164
2013,43663.227301208295
2014,25375.544504522026
2015,25146.8356195756
2016,35343.22801847916
2017,40045.552569868945
2018,28729.810836640205
2019,26483.07776011087
2020,16237.215404809502
2021,19819.759281500756
2022,17897.47749393898
2023,16979.284280258
2024,20948.293783984125
2025,16928.67167703618
2026,18513.845678690024
2027,24669.688901628764
2028,23020.146194660374
2029,16718.339217218403
2030,18068.379750034263
2031,21442.448635406054
2032,36495.573190767376
2033,19404.258407864778
2034,40715.07326078066
2035,42996.23935131649
2036,20396.343625799236
2037,22042.67123478424
2038,19633.22380738242
2039,17433.464384596653
2040,21589.660422696947
2041,23552.966245373806
2042,31758.275201656736
2043,17875.79979577882
2044,29140.037893792327
2045,30209.949141228884
2046,39348.2104848864
2047,35682.087891692434
2048,17367.040393136194
2049,19677.85317512473
2050,20415.22850740644
2051,23293.3170955919
2052,22504.266795029955
2053,25680.466827944052
2054,21300.168514036963
2055,16561.6549611641
2056,22632.942612366824
2057,20841.721637560822
2058,20850.588740254454
2059,16152.209717176127
2060,16776.48115963406
2061,27136.38984749382
2062,18358.156666726558
2063,25896.919722855793
2064,16702.603125958605
2065,16436.77795627917
2066,25808.71869111514
2067,17858.414375155277
2068,28930.968971935436
2069,24605.717542528833
2070,36785.081837880236
2071,24186.94315981012
2072,26133.3101549264
2073,23859.38070567564
2074,35445.54138091007
2075,17180.74102250127
2076,43793.185491301854
2077,25972.872821686597
2078,16450.033679531403
2079,18178.74151352067
2080,16740.680843565686
2081,66463.40724899451
2082,18258.480071258913
2083,25108.522261580038
2084,19210.11038812973
2085,18517.048518144773
2086,26795.86423518599
2087,19263.877887930747
2088,40878.14465559383
2089,17185.72712096208
2090,17474.72265213571
2091,51222.10506682796
2092,21892.69169915551
2093,18599.96051917208
2094,15944.839001435883
2095,17152.49060059742
2096,21618.583634288716
2097,31491.091558062926
2098,16102.253930418608
2099,19255.421541924286
2100,18677.838786067074
2101,19693.288223330117
2102,33062.52876297107
2103,25022.582694120392
2104,19820.243665239013
2105,18446.986561739406
2106,30366.07683508802
2107,20608.36055705978
2108,23586.414637756738
2109,19526.43831457915
2110,28062.087738707418
2111,16182.522233533298
2112,44385.69484426131
2113,25581.216458873234
2114,33026.822484323755
2115,30641.032437863076
2116,20529.167408801313
2117,17830.648168036347
2118,16769.600462190454
2119,24366.906630892638
2120,23714.695254629634
2121,22502.689342239344
2122,24510.76098073873
2123,20926.9772637784
2124,17372.811645097183
2125,17257.24813096952
2126,19148.136245317506
2127,25776.193254102942
2128,16841.02802365004
2129,37667.93592503429
2130,48002.118816480164
2131,25491.130564421506
2132,31605.08565999034
2133,17785.640264885027
2134,24804.42867152851
2135,25768.469189012998
2136,17674.130999065062
2137,36605.42881276881
2138,18042.265850084743
2139,51269.81724240068
2140,34088.678533436076
2141,16104.306175004725
2142,18359.60556519606
2143,23010.685673793992
2144,21767.575505109995
2145,25095.42106440334
2146,31849.664197562317
2147,30206.89528652313
2148,24820.833824074394
2149,25705.472830504776
2150,37065.75904728975
2151,16497.9290022108
2152,21170.105742391384
2153,24088.12865263059
2154,20927.678316933885
2155,40537.42696240198
2156,17309.819099919467
2157,17937.77865157282
2158,17011.984413237184
2159,21959.793870366513
2160,25215.6344123099
2161,38125.44358669209
2162,23457.53589662518
2163,25814.7006022175
2164,16427.22603592755
2165,27635.772030322783
2166,22524.74078202092
2167,34532.75352289122
2168,17016.95399809054
2169,28075.746906026823
2170,23653.047935496845
2171,16754.477253492245
2172,20975.295041202527
2173,22867.989417933553
2174,27894.863948392787
2175,22795.016776110566
2176,17418.215966893866
2177,17488.17949515531
2178,23556.414539506783
2179,23794.809810249782
2180,27888.89873593595
2181,24042.94263070594
2182,18364.646959372116
2183,18247.51062462607
2184,18857.840083998082
2185,18960.815648279135
2186,25206.62987340463
2187,16936.647361145286
2188,27444.914743087134
2189,24894.361049321124
2190,25786.243533372155
2191,17092.9600207592
2192,19072.01425783955
2193,25640.66186765231
2194,19054.80798871639
2195,21543.06309540891
2196,23935.03001665318
2197,22072.685477422812
2198,20970.15200089517
2199,35232.808578618555
2200,30266.36406293702
2201,23413.337345750075
2202,16679.60638750563
2203,28308.864597540673
2204,21072.712680464214
2205,16530.397796443765
2206,105031.39617117557
2207,25346.13319567507
2208,49360.062829604394
2209,23236.892310682477
2210,24631.885188974124
2211,33432.76785897317
2212,33534.00400555705
2213,26758.489876284682
2214,21447.566875204877
2215,16125.761920900033
2216,33775.2161264311
2217,23453.056370785853
2218,17026.54635691334
2219,18395.50774492985
2220,23486.631676755016
2221,23537.932192318545
2222,16175.457020680064
2223,30575.877144114966
2224,26843.298808805535
2225,17260.262402395892
2226,33296.81667352664
2227,18582.480046777877
2228,17589.517396518964
2229,34708.18394009283
2230,17396.650003572402
2231,19251.829350140422
2232,21887.501160916585
2233,18441.05195297641
2234,16660.450405365016
2235,39505.41187345726
2236,27654.095855574313
2237,22652.04296196732
2238,18287.52290369903
2239,16491.75235943847
2240,16511.43875486383
2241,28153.270053982837
2242,20298.407980363936
2243,31607.33131221891
2244,23610.1022077608
2245,32667.854356156065
2246,23034.61887340796
2247,19974.686770446886
2248,17620.65952074703
2249,19171.875620096445
2250,20741.27170816972
2251,17754.17059421153
2252,31223.110759028033
2253,25126.674133219072
2254,23380.446561428882
2255,18308.361853099046
2256,18720.303221104965
2257,17278.96881925296
2258,51706.28590708503
2259,27612.153544271016
2260,42343.59914042778
2261,18200.57175261959
2262,52010.86686556093
2263,21494.034527263113
2264,17881.343595847702
2265,19393.788982527854
2266,66407.41400252019
2267,18230.846034149003
2268,17184.405684458638
2269,23625.300646632255
2270,19815.00822273932
2271,17764.25896896438
2272,22641.508244072575
2273,19235.2084124797
2274,19402.717819834317
2275,20237.677792138726
2276,17169.274800604555
2277,26182.262317967416
2278,17760.589228543366
2279,65520.78478908646
2280,17164.045879211473
2281,21988.36883222004
2282,24513.71240832142
2283,26665.167437043077
2284,20521.38130123561
2285,25619.93343287714
2286,19471.397150953097
2287,21826.658428289003
2288,24160.378323273264
2289,16586.24092816366
2290,18366.416043997586
2291,21369.46413552549
2292,16811.985233655152
2293,21315.175965856128
2294,28885.141042798525
2295,20076.823236410277
2296,16993.929661947754
2297,24801.111097293448
2298,28534.929002676185
2299,24030.953183594036
2300,17660.440545086003
2301,18021.76413568078
2302,18804.53551087661
2303,18310.28704809571
2304,33211.805369958056
2305,25997.463097674135
2306,24398.642768114463
2307,31148.057251458144
2308,35243.167787707105
2309,25649.01419844271
2310,23589.254766061713
2311,17740.980728195645
2312,26812.83844849644
2313,23009.264736595294
2314,38214.45713847655
2315,25547.07112409782
2316,27233.84822152593
2317,36424.29959631721
2318,16461.133416959357
2319,40349.16378522924
2320,29873.304803387808
2321,28030.658772064446
2322,24527.4806898661
2323,29148.55709852233
2324,16635.766343012798
2325,16353.431447399555
2326,26322.21904771527
2327,19415.44637477345
2328,19770.473193265774
2329,34036.993626661555
2330,42435.458807030845
2331,16011.148447806616
2332,18036.328123642994
2333,44689.168056455135
2334,31111.295437813525
2335,32310.784698206553
2336,62821.46720828448
2337,17863.969821161147
2338,17862.5153155188
2339,39755.655549528194
2340,20062.742646070998
2341,28407.695578201412
2342,21470.163588757336
2343,18137.293569128262
2344,16680.383902571364
2345,20691.383834191496
2346,45694.633451757465
2347,16318.422958384528
2348,18605.001368849047
2349,17208.631759288888
2350,27032.505374272314
2351,16514.16329516501
2352,29917.88983622698
2353,75681.08841692349
2354,20540.364807923124
2355,22138.051025390232
2356,21730.910290573465
2357,20566.134162447823
2358,37937.96014453711
2359,16739.14816706786
2360,27111.730726993224
2361,24160.29191560544
2362,18953.900010510075
2363,16122.476771699176
2364,26111.19357448047
2365,37490.47806868928
2366,16919.834381672714
2367,16480.1014992755
2368,28120.646077574544
2369,25804.583859300412
2370,35460.96801994421
2371,15954.125661809936
2372,40339.54470324255
2373,26884.28481493673
2374,17319.642608292314
2375,25664.76629111533
2376,28971.84039175919
2377,32580.70439926415
2378,25190.06583809941
2379,25731.196430840286
2380,15981.429371808552
2381,35225.7445550062
2382,19190.075222572294
2383,16483.003617250935
2384,16833.791725725045
2385,22624.6283606954
2386,25563.339631591458
2387,18699.815785720133
2388,23842.33758747991
2389,33325.829808747076
2390,27752.08344577116
2391,31339.78853797833
2392,16796.591520316822
2393,17203.364190408054
2394,20116.332658139054
2395,18331.27650231782
2396,16660.13063028752
2397,16858.239009718232
2398,32574.700223883545
2399,32669.817208303797
2400,22058.422699605257
2401,29832.52023171143
2402,20963.405704652047
2403,16621.128416014442
2404,27959.565586976925
2405,18816.94569486908
2406,19455.866949112726
2407,30868.64035678264
2408,18564.588851153516
2409,21426.781941780104
2410,39584.08275825252
2411,27663.987857284832
2412,26718.230746648765
2413,44129.37554230434
2414,19653.637264009605
2415,29179.43053078779
2416,17169.671895310774
2417,26798.017370973423
2418,17314.035569489864
2419,21260.490905994135
2420,20814.572215362285
2421,23357.418206134
2422,19512.466891379372
2423,20260.432103444487
2424,17228.557662037565
2425,17010.83248815065
2426,24225.767919724796
2427,16511.54308230632
2428,16036.406460057333
2429,17374.97610004291
2430,16353.70439369873
2431,28760.960774914292
2432,20080.380237536458
2433,16745.006222548036
2434,29261.11034024467
2435,20662.814239603988
2436,20850.675740043742
2437,23308.09488371957
2438,37308.51866272802
2439,17587.98459060311
2440,20775.81894006351
2441,20252.99177368047
2442,29032.740098442235
2443,56858.35971537993
2444,32508.293226961257
2445,36038.912648402795
2446,28571.677914723354
2447,81800.1261363378
2448,20697.684807397898
2449,16990.25700516205
2450,16213.796230634996
2451,22723.403882072955
2452,16792.945492950843
2453,34506.93472602519
2454,19450.9271706042
2455,26743.2078585427
2456,19921.060849016638
2457,18318.258461204015
2458,19221.39265313968
2459,20040.332191471847
2460,24872.670255457633
2461,20992.966501712974
2462,18558.184982096347
2463,16028.430470015264
2464,25077.267853021913
2465,31048.86362385767
2466,39466.80317579074
2467,21449.01411155382
2468,19601.854668338903
2469,33505.6883777449
2470,28783.71572019077
2471,38703.943523052876
2472,16201.155772929798
2473,17167.780660547538
2474,30658.570966801006
2475,20576.53975344118
2476,29240.515600299004
2477,16796.675622543316
2478,25982.163463661687
2479,17835.082925667055
2480,23777.56336572757
2481,25088.289801749295
2482,27588.713111816545
2483,29824.156674422546
2484,19529.155106891376
2485,27504.100036589116
2486,19017.281325351956
2487,32447.970378638038
2488,42727.27905233322
2489,23678.33232794748
2490,32132.183815638124
2491,53102.73260434709
2492,20768.518646502012
2493,83732.19779346314
2494,16282.23346060832
2495,44639.94792645374
2496,23291.090129057902
2497,22362.727294879005
2498,18090.700741908775
2499,18631.156744272692
2500,27182.690214418457
2501,22793.8428476499
2502,15951.328066290287
2503,37140.00563995376
2504,19303.064721401326
2505,15976.533618887232
2506,21392.787007398994
2507,16101.687641425087
2508,18055.216912849148
2509,55035.71289699135
2510,19640.64953694111
2511,19333.646871866906
2512,30206.05264982964
2513,18160.277733748775
2514,28092.922313681862
2515,17512.869289374976
2516,39146.62119531215
2517,16408.18579072536
2518,24286.591509382084
2519,17969.916518130547
2520,30715.933482104603
2521,26900.45557356233
2522,18704.63394729271
2523,27113.637726782374
2524,42094.07395537744
2525,35867.0167912661
2526,18981.688586570024
2527,38462.98825834061
2528,28013.307696621523
2529,20233.863770252094
2530,40048.24515187409
2531,19608.244636647763
2532,16699.9032435384
2533,16881.705414637203
2534,17174.50531486369
2535,20200.167117781206
2536,25937.456431479513
2537,36564.98976757775
2538,17587.332507109873
2539,60963.06930281599
2540,23824.39775879995
2541,26715.332389590818
2542,16785.561759603293
2543,26261.25618980362
2544,17937.695251473408
2545,16098.073459197365
2546,16026.282810613759
2547,16977.250073451305
2548,35243.823217225116
2549,19321.07098569942
2550,70049.50024801501
2551,20530.934498022696
2552,24870.748897850073
2553,29557.22164211513
2554,16681.734200271498
2555,17785.739920803433
2556,19469.407906497687
2557,16446.590320184267
2558,17082.823139644996
2559,18944.965398240973
2560,17232.294153670453
2561,31041.69847800179
2562,41351.40711515892
2563,22542.545834787456
2564,19048.071527108787
2565,20135.697626281726
2566,16289.296760090521
2567,18537.815288808048
2568,29158.434431707043
2569,19350.175237240837
2570,21020.3561185841
2571,22652.35621669949
2572,16834.433934313758
2573,17286.796276284775
2574,33545.183393020976
2575,22263.96941457655
2576,27589.357753566946
2577,21468.60743136097
2578,25056.307825606
2579,17279.46527019065
2580,33803.36460296184
2581,18825.644878038278
2582,26793.481292525103
2583,19471.397150953097
2584,26553.708779487595
2585,18755.647342443368
2586,20291.943096013696
2587,28412.030731872663
2588,26473.481768785143
2589,17037.602432822925
2590,16987.75972786906
2591,21858.267695504415
2592,22802.37694582684
2593,25655.191536511422
2594,19529.278500604683
2595,23004.678835251627
2596,27405.308665481985
2597,17923.383979406233
2598,16681.732211534727
2599,18205.371975198792
2600,21865.484423626564
2601,18809.562285924294
2602,20032.547584565233
2603,16271.285384932211
2604,21663.928959462817
2605,17715.00207675242
2606,17887.03411907371
2607,19295.826428580007
2608,23699.880062423512
2609,21394.080067916337
2610,30188.06040581714
2611,24156.461486177235
2612,16950.108155527756
2613,16390.1562961858
2614,17158.21715146341
2615,18657.27993602331
2616,21015.825865606897
2617,23069.074713911024
2618,27779.12644795745
2619,53395.23005689499
2620,22814.525877627955
2621,23148.67505579707
2622,24015.488068654686
2623,16242.764201024844
2624,55648.20880102505
2625,18500.984719177603
2626,18136.12815215437
2627,21886.530518124484
2628,28420.269346480854
2629,29157.676657102682
2630,51133.152975696175
2631,16653.95282734043
2632,22277.852506818137
2633,16141.439506510189
2634,21250.5171894494
2635,22434.90452621405
2636,31550.605948561497
2637,18855.270624829558
2638,40219.18303543135
2639,30801.848066778493
2640,31340.408738895312
2641,32631.881845286138
2642,17227.883988356552
2643,20472.827697828343
2644,46045.3762278279
2645,18299.098864684842
2646,27364.389579855055
2647,16838.687177596596
2648,22074.730160874846
2649,32812.196139035696
2650,30935.798754311625
2651,28805.788115964606
2652,36718.12756492905
2653,26827.00889619774
2654,33217.95073312069
2655,17826.86907730849
2656,31643.064663048768
2657,27500.860710281635
2658,28876.354576695685
2659,15981.81614306066
2660,36062.524209936
2661,43591.68350061511
2662,32614.427554562244
2663,39906.20611709954
2664,16385.332634167928
2665,49789.48477337766
2666,19466.184230093084
2667,21132.90999273271
2668,33945.38189373511
2669,28865.375252358746
2670,16713.71984840173
2671,18362.943719601717
2672,23539.043418062927
2673,16126.675115174223
2674,36557.73710151496
2675,30750.483142055586
2676,29961.77702489352
2677,20110.704933574274
2678,21350.9005062179
2679,36138.37993714791
2680,33839.99915037267
2681,16733.511599418816
2682,16329.348239948893
2683,26603.81628721927
2684,16858.669107675887
2685,16429.227639746383
2686,16543.230035759167
2687,16358.651359864878
2688,22446.948664062224
2689,24516.243321294354
2690,16951.302448767998
2691,20201.927564400834
2692,27140.75101693503
2693,16391.04147216407
2694,37886.111461305714
2695,21359.61754602834
2696,24467.360556246087
2697,27218.28175327248
2698,34987.01752035816
2699,16069.972735747244
2700,22929.591576567596
2701,20061.907930642097
2702,30125.211408687108
2703,31991.60371658879
2704,18998.706525956124
2705,26665.98123630866
2706,27984.341930422645
2707,31719.24282432863
2708,19823.44562132437
2709,16257.91784514221
2710,22395.574743452613
2711,19359.337866825244
2712,22780.9118973203
2713,19509.878017526888
2714,27115.45434961989
2715,20797.13521353173
2716,18232.884802410023
2717,24451.591283299662
2718,27828.467423071124
2719,19381.20401494694
2720,25658.4275874129
2721,33859.675439693056
2722,30433.68741161367
2723,36125.750649146736
2724,18312.146952488765
2725,27959.93890329489
2726,22073.85647630396
2727,26636.547681557546
2728,16709.081835883942
2729,18250.797937973468
2730,17566.04928769697
2731,16763.16423695467
2732,18292.568494037594
2733,15999.009286116065
2734,23530.491699025726
2735,23526.996713775818
2736,17298.252302238197
2737,24676.554092993436
2738,45508.04082088995
2739,17140.857274944705
2740,21477.288031976295
2741,18471.913401230493
2742,24427.438068585867
2743,34857.73394060305
2744,18564.73492231151
2745,27415.97451099714
2746,16784.293101205403
2747,16275.499192497615
2748,36514.88684149855
2749,35693.77061650883
2750,26500.302444674573
2751,17906.404839375595
2752,25987.398655226476
2753,36331.40759080464
2754,26787.63024668116
2755,17036.27613716726
2756,34563.75828327381
2757,16860.743378975865
2758,16595.96444539963
2759,31233.75807757852
2760,17218.43479493467
2761,26080.003123823775
2762,31458.54489204183
2763,40753.319222688966
2764,17264.948427692187
2765,25165.147189592248
2766,22789.51722574582
2767,18964.95041556448
2768,18958.168875846473
2769,24655.264695166374
2770,19099.57752044746
2771,25851.22522574538
2772,24554.718453695357
2773,32632.519834918934
2774,22803.81772975488
2775,19531.12717144974
2776,39373.85870607952
2777,17804.533976095274
2778,26373.4365859646
2779,38931.47955543424
2780,18264.503992628728
2781,17509.66269771031
2782,39999.28183498686
2783,18880.78064832214
2784,24095.751211945186
2785,55587.2368586097
2786,23120.675970711203
2787,21210.282211247206
2788,37449.14167063991
2789,57142.789140593304
2790,20921.11278894122
2791,18751.155823397537
2792,21862.619861082923
2793,16288.772440758668
2794,17089.094829313002
2795,26676.403876881202
2796,19159.197103423212
2797,30738.219612237055
2798,18272.971755049133
2799,29244.336352779595
2800,23052.299295641616
2801,20995.36169910714
2802,17201.48154883289
2803,26970.167616170584
2804,22870.96116462054
2805,26382.530826644703
2806,22565.045218870906
2807,17338.033049456695
2808,24584.454085800942
2809,24731.01374580325
2810,18414.63216835138
2811,16585.685301218786
2812,26641.489129354373
2813,16358.994602610826
2814,22324.59922496604
2815,20712.36161776587
2816,17224.160773318385
2817,16730.651144069292
2818,19724.608503929856
2819,16234.92170766605
2820,31486.89469819474
2821,18493.872999052423
2822,26831.97288089464
2823,23695.16217238319
2824,19203.94631276995
2825,26347.096087511196
2826,23988.848431486025
2827,34905.588078016255
2828,28070.961091011908
2829,16684.49479545847
2830,43992.66092999071
2831,36526.92060693143
2832,28428.81536714172
2833,25811.512538789928
2834,21478.196997276802
2835,40668.91131435494
2836,18345.561322530582
2837,17245.909722475568
2838,26589.5925567513
2839,32937.45053677481
2840,16692.186296767064
2841,30412.419682482112
2842,27028.46447952134
2843,17818.52943164886
2844,23717.76571784261
2845,37250.87732859036
2846,16823.9168405945
2847,16395.796447131215
2848,16552.40540183163
2849,23704.11283722804
2850,18394.92879290079
2851,17375.30959506358
2852,17548.948366533637
2853,18460.958787626983
2854,35194.17955436262
2855,44330.51967509438
2856,33885.922903348335
2857,27449.338583987646
2858,20782.170399795436
2859,24148.05395159855
2860,19117.722169664652
2861,29049.33038721232
2862,34860.45173367479
2863,16485.047392154105
2864,26625.22645783838
2865,55492.42440563676
2866,32321.14787628899
2867,38558.57203708868
2868,17307.194386434807
2869,23903.725910917354
2870,16598.370490789504
2871,17054.406373118378
2872,24933.29877935868
2873,22841.800229333032
2874,27027.252973288192
2875,19430.471759688586
2876,16839.201091907307
2877,31592.940803369922
2878,22958.48140470096
2879,24733.802981429373
2880,16579.879025884806
2881,27291.576258869558
2882,20191.116846754005
2883,22920.037113444505
2884,25760.88256451513
2885,31703.312227180304
2886,122505.10650792705
2887,28387.505190766595
2888,39404.50268255884
2889,24865.02128657228
2890,17005.398400754577
2891,18022.215322319003
2892,25398.11588050048
2893,19530.482212250416
2894,39613.775830522834
2895,24595.96902096262
2896,31288.705242225322
2897,33239.16730588964
2898,20090.73167838153
2899,18639.478940932528
2900,26785.094764535188
2901,28552.909500553586
2902,18989.61043395184
2903,17708.477470371785
2904,33541.06465869661
2905,28626.221154075505
2906,77638.04264251186
2907,19681.346533391803
2908,24647.071411620378
2909,17220.142739833598
2910,16517.06353457274
2911,18175.51268112037
2912,20560.932114731757
2913,17416.316043404902
2914,16265.220737051106
2915,28547.307245181662
2916,21564.230751244497
2917,19635.17594970272
2918,21019.89252462437
2919,20689.760793208363
2920,17203.844112389288
2921,25128.585304387503
2922,27362.660663888335
2923,17326.986527769943
2924,16957.53596358272
2925,25737.504018439682
2926,32033.224238570732
2927,38911.58354746028
2928,19739.689577254732
2929,17144.431674186795
2930,21324.076707474593
2931,23774.853618020483
2932,21082.63562390009
2933,20679.1352408467
2934,19139.397571246784
2935,18626.810507353486
2936,23353.269609330928
2937,27123.860238701884
2938,24232.509579780562
2939,16795.482211308667
2940,24845.03834589225
2941,30931.366151423907
2942,27237.945798139543
2943,20599.95009720034
2944,23321.964525118266
2945,44288.821647437464
2946,18025.257904232927
2947,28479.901027521984
2948,24948.278228476553
2949,16578.789957912893
2950,28376.562882944094
2951,29734.57361518336
2952,23643.113109774135
2953,37442.999153458106
2954,18682.809421857186
2955,17018.24632791435
2956,16684.488828261598
2957,27091.860662012794
2958,18383.329470342196
2959,16725.92867304187
2960,25337.5351415817
2961,26430.04663720329
2962,22165.0161061653
2963,16743.14379734374
2964,22766.300065990392
2965,23003.1430917606
2966,28928.651364005433
2967,28037.4163706666
2968,19071.082071623914
2969,20203.278708876227
2970,26869.110333982146
2971,20964.560344629852
2972,26536.898605439383
2973,18215.01964884093
2974,17221.32731552328
2975,23880.296053116366
2976,32376.44858812118
2977,27742.543587025462
2978,17494.53951291983
2979,23034.32779291245
2980,20867.52573886655
2981,16204.375815812995
2982,31715.915412963266
2983,28008.919850935625
2984,19638.806888781583
2985,25254.556786575336
2986,19460.15606503409
2987,20058.65311140043
2988,32679.602071537614
2989,17770.53295247736
2990,37470.460804908944
2991,19552.667528396232
2992,24919.593838147925
2993,16980.725577252928
2994,29164.984093345738
2995,30830.51022554981
2996,21552.323635225097
2997,19223.82636720434
2998,24876.31175389208
2999,26797.582896407668
3000,24654.676851014592
3001,16668.06326116595
3002,18124.074048885614
3003,26036.26374386846
3004,22810.848973744407
3005,30096.063965043802
3006,17490.698202680203
3007,40319.15983247792
3008,16578.88285202727
3009,32726.463530197612
3010,31064.89496235307
3011,29534.41856157484
3012,16099.303687188754
3013,27739.904496634223
3014,20091.023885275612
3015,18872.384468721808
3016,20436.489113239095
3017,24133.21546294442
3018,16304.136164880963
3019,19613.951558596968
3020,20394.415495532623
3021,21425.420494809936
3022,17199.59091138885
3023,18591.332371728862
3024,17320.70187359078
3025,33731.276021579804
3026,17377.41842605688
3027,15940.712698576439
3028,30128.81731402715
3029,17442.33911923346
3030,20835.43394704147
3031,29570.565057890803
3032,23344.406889307145
3033,20011.890888733724
3034,17731.171914271188
3035,36063.710783015595
3036,23366.703709069327
3037,24190.853403559562
3038,17084.232490665017
3039,23575.091269318043
3040,19821.342433206897
3041,24623.793610398156
3042,17578.39867285127
3043,25868.180823329592
3044,19534.657361511716
3045,32906.5080073975
3046,17046.852813036454
3047,20921.429543334565
3048,24302.208020610462
3049,24826.000763862117
3050,16757.48761855677
3051,16943.008798921976
3052,20671.289793347867
3053,23549.68128811243
3054,21361.89413467132
3055,33187.59926968573
3056,26006.60751750718
3057,23184.141702981324
3058,16449.75128124588
3059,16062.770907143835
3060,37622.37607421492
3061,19199.065915114636
3062,17267.581144779313
3063,19487.60185591684
3064,42373.705236184775
3065,16832.647852358205
3066,33477.12527598627
3067,32823.189682448006
3068,21612.677372271788
3069,21080.27319295527
3070,16193.258078221312
3071,16134.778854922872
3072,27248.7738991236
3073,18411.703851749433
3074,23506.676623771524
3075,21031.207136493806
3076,20486.04331042308
3077,31219.165471996097
3078,38084.00639126033
3079,19375.386951417415
3080,25714.324486773934
3081,16077.863974968099
3082,20661.03087388684
3083,16979.500871855274
3084,17336.298945150043
3085,25066.62129196848
3086,21454.82705312712
3087,16359.257890279438
3088,21497.55300109957
3089,20555.662767391135
3090,29438.04723779998
3091,21041.900701860064
3092,23001.706167481625
3093,22507.352268915638
3094,16160.667295699503
3095,17016.110080562517
3096,17797.35047513587
3097,23727.731911231658
3098,20444.238138530523
3099,39523.67965802299
3100,16812.78094530186
3101,23496.629603719754
3102,23553.35934787561
3103,29106.492564277192
3104,21594.020892509063
3105,20455.89157225441
3106,16694.455031404297
3107,20504.808347407874
3108,16543.867076992115
3109,32837.84303079837
3110,25574.65447995751
3111,16444.794411948675
3112,21473.09448744881
3113,25595.486643325028
3114,16262.806755842643
3115,21065.01424816178
3116,18699.28521723737
3117,16643.229029461658
3118,25413.435164307633
3119,53157.836160586034
3120,16789.0700791838
3121,18847.964304327965
3122,31091.548241001845
3123,45140.38840548716
3124,16919.166727911455
3125,16849.372192315168
3126,16556.084078445037
3127,53175.126381756156
3128,16927.67069225955
3129,17535.45103714472
3130,19629.645383833053
3131,32110.502423464593
3132,44127.73421860425
3133,20019.173438530965
3134,23622.140773552335
3135,45028.618056342464
3136,19573.251574172442
3137,18985.79395429377
3138,18988.05296408299
3139,16295.718127606104
3140,18155.38117975766
3141,24619.208779785542
3142,30668.623605067223
3143,32163.01939988586
3144,39578.118505887374
3145,33869.04950642264
3146,25636.97572313179
3147,18494.349233488563
3148,26016.995758837533
3149,17013.76518330765
3150,37597.680494644635
3151,19135.30005300117
3152,17264.534722098077
3153,73948.15217520321
3154,32595.513731351086
3155,20972.65460629549
3156,35066.538308085714
3157,19829.371194734038
3158,26474.277093780205
3159,16271.099164470084
3160,16615.363215776302
3161,18842.039971324422
3162,17896.85660825552
3163,19084.821650730762
3164,27074.94866576503
3165,26202.564800385862
3166,41986.432551214595
3167,27471.383337393527
3168,24202.178219946607
3169,16584.493040027704
3170,50276.987096434845
3171,20478.62022808367
3172,19781.94540626633
3173,59017.66652122715
3174,23784.93453467187
3175,19086.67375928318
3176,86555.91497652697
3177,19069.251936108423
3178,21248.751498153648
3179,37411.55240184414
3180,25206.64790331297
3181,28970.003011547822
3182,24116.937006934884
3183,16182.310020044015
3184,20810.217797072306
3185,17091.767973409478
3186,18396.819226377043
3187,19789.66802298192
3188,26556.659252733876
3189,19556.2529024806
3190,18794.62490785872
3191,19609.376069682694
3192,23149.04485269708
3193,41002.36502908665
3194,22391.020391703358
3195,34670.52687645027
3196,18450.45498100167
3197,23121.392624644363
3198,19486.461187110486
3199,16257.466247541446
3200,23358.35939976402
3201,18350.39540727407
3202,17856.406833357865
3203,23924.469070978597
3204,33333.69701523108
3205,24257.516885866866
3206,20697.650262769577
3207,19716.24137671283
3208,20854.66071944325
3209,33936.46408546004
3210,19458.64583580269
3211,23139.288608473064
3212,37547.10253547413
3213,24797.906304389275
3214,20881.21020765734
3215,16291.988531675965
3216,25083.22376864229
3217,24156.16774899331
3218,31878.9441147016
3219,26674.228712618493
3220,20210.271903829296
3221,22956.27550200302
3222,21274.118570328486
3223,25031.736345423535
3224,18175.302501846723
3225,43928.42137134933
3226,20660.60968705014
3227,43975.54636503616
3228,24546.950708625514
3229,31061.73987411703
3230,45705.6057196717
3231,16841.73074247815
3232,20267.923491244936
3233,16706.129957112855
3234,21892.540323655707
3235,17136.915877151474
3236,23927.709319334957
3237,18799.60869200004
3238,23468.601362287398
3239,32269.93455207481
3240,38038.24259571836
3241,42276.13264035578
3242,16746.904791973422
3243,17436.216337315145
3244,21917.915545985947
3245,26204.626528998022
3246,23728.3316000873
3247,28793.38704528232
3248,20913.165569478555
3249,28010.569386572246
3250,17217.621938352037
3251,23785.84191337293
3252,19127.48161222274
3253,20678.81475898011
3254,16493.96239186131
3255,24907.95709358903
3256,26776.55125436455
3257,23115.58836644945
3258,17900.225865172677
3259,75081.04422386715
3260,24858.702285727
3261,17178.62533826583
3262,23881.913131349513
3263,16501.723445060572
3264,39653.63445121288
3265,26856.97307398309
3266,24890.135320173933
3267,16574.69720417092
3268,18064.683798999602
3269,20262.49733373292
3270,16858.82185538523
3271,31273.207103893434
3272,22799.136873792155
3273,31322.83117350583
3274,28504.66270570923
3275,16971.766013831617
3276,17999.772822003502
3277,18731.929800825506
3278,23338.173825360213
3279,27586.608264047794
3280,16898.059467236646
3281,18076.450578004686
3282,39568.409644171836
3283,18088.115044850667
3284,20246.830998798738
3285,35782.19982893954
3286,42951.53600648599
3287,16874.22632929675
3288,16726.604654491744
3289,19644.644486006087
3290,17401.58673222128
3291,27913.093346828213
3292,39760.98295006591
3293,29103.966598691244
3294,17488.754929476494
3295,16985.48961020166
3296,33360.24465429986
3297,35646.382728080454
3298,29775.387568942493
3299,23056.031609109592
3300,21174.13157410961
3301,21084.068290751497
3302,17363.051129359086
3303,29343.3825846181
3304,25599.209547604427
3305,27395.73124147008
3306,26069.82592361762
3307,23997.234868115444
3308,27730.89115141617
3309,20638.62384137703
3310,17275.677360143913
3311,24286.63204370731
3312,17421.0132805659
3313,17129.793420863043
3314,17236.816412543496
3315,16498.23976358294
3316,26114.83582324786
3317,18781.92716327562
3318,27785.96253274515
3319,21864.48347831648
3320,21529.25802687165
3321,16732.572023545068
3322,24053.88277206025
3323,22040.59536232805
3324,23953.053148192233
3325,16988.709581653024
3326,16841.166557327266
3327,51229.68961558522
3328,16144.081826111411
3329,17232.859114337814
3330,28860.248408964155
3331,17510.132376582613
3332,16945.07324535972
3333,19397.389161377352
3334,16132.232295906464
3335,16328.234748803383
3336,17726.116330740082
3337,24952.246107731622
3338,56956.33427138231
3339,23774.58719506709
3340,16607.25965711079
3341,16019.001254201014
3342,26323.348741962596
3343,18969.192371057638
3344,26764.18778670945
3345,19199.82124262311
3346,15957.44119084789
3347,29388.241786308263
3348,21891.06577225011
3349,27424.382016740903
3350,23047.55095140231
3351,18083.589347314017
3352,16407.669381223055
3353,16517.465237207376
3354,18833.937188389722
3355,38011.25298160969
3356,16701.063980211493
3357,27332.777477779007
3358,25521.56201280688
3359,25965.01553263234
3360,25312.887050853224
3361,29994.627385656302
3362,24390.017195436358
3363,22261.96824436021
3364,23233.440931912974
3365,24451.719542581555
3366,17222.5509835894
3367,21043.265375137078
3368,19484.166112902232
3369,18393.705158792636
3370,22735.19633486766
3371,16717.506121945094
3372,29707.780244135196
3373,30258.340598830742
3374,38111.01131557647
3375,18702.413113345727
3376,23306.066549708437
3377,16042.02624767666
3378,16324.626157731163
3379,22287.24290150203
3380,21813.945866135986
3381,16083.56539992198
3382,19643.283864055327
3383,16705.41098870477
3384,15861.507591783295
3385,21874.740124621814
3386,20907.519317997103
3387,18847.982280109685
3388,17643.834583971875
3389,38418.01478325458
3390,22193.321001583754
3391,31962.319396292878
3392,24173.86746813022
3393,26932.010754185663
3394,19692.40549208111
3395,30923.83734515973
3396,16430.332347453896
3397,22304.046569207705
3398,16733.078709713118
3399,17416.006676577585
3400,23623.087001372867
3401,29145.29782643198
3402,18818.554191022537
3403,20890.7466082035
3404,23354.572579152533
3405,16000.348301660331
3406,42588.4800488196
3407,28458.55329969054
3408,20072.096703324292
3409,18085.355075517004
3410,26102.29866156005
3411,28141.981890737872
3412,17965.499638015222
3413,21672.954655809728
3414,18784.421685641915
3415,26563.492186289313
3416,24594.53815522809
3417,25369.289327749335
3418,18938.820920893213
3419,18506.274524295535
3420,18203.260328952343
3421,36563.455429776666
3422,25775.52337477228
3423,18275.383433073337
3424,16370.956037716787
3425,45191.033046001394
3426,17698.45875118987
3427,25680.319877832553
3428,22446.600786236224
3429,30061.023911899494
3430,18799.438361024033
3431,23758.743233952482
3432,16172.078844787813
3433,18263.347820394538
3434,23345.508979110393
3435,29452.40421583935
3436,22245.36335034639
3437,30102.874474050182
3438,34753.3220032378
3439,19080.585684992027
3440,17076.04887985606
3441,27911.82222522229
3442,16198.239549713438
3443,18265.246507174572
3444,35059.18161752297
3445,24246.952401510607
3446,26014.285113195194
3447,22462.549834287376
3448,38170.99375768896
3449,17504.63479200337
3450,40842.87809837656
3451,26710.816675231923
3452,27777.225626386204
3453,29282.550400592685
3454,19067.890247365893
3455,47036.115688976075
3456,31500.85386050793
3457,16672.46727236975
3458,35766.51406072446
3459,27342.756642833472
3460,18723.963654247145
3461,17443.029496372248
3462,24719.665449902343
3463,20291.841493760214
3464,22573.0415596525
3465,56041.67015502026
3466,27051.480518891418
3467,16441.33450850996
3468,25607.676592962813
3469,16716.82652233631
3470,17822.62546297696
3471,28206.85990024164
3472,17309.045263298776
3473,27230.361545952914
3474,20249.430752407807
3475,43061.26146373086
3476,17322.83711982435
3477,36754.87992070693
3478,19539.44835598053
3479,16742.82842323097
3480,27777.73559013866
3481,16439.290273184914
3482,31888.90267977243
3483,20539.977913568913
3484,17138.777150101476
3485,15986.429540436155
3486,22411.882963879685
3487,40734.2111771874
3488,24156.71490936275
3489,18445.7506688287
3490,16748.028862477157
3491,49426.63554672088
3492,30889.763121211443
3493,26404.650582603466
3494,39025.90129049374
3495,16738.900716831686
3496,30419.439580837774
3497,27017.221468688167
3498,22012.608579512053
3499,16398.711089978344
3500,18988.64831902368
3501,17110.50801188771
3502,16916.476209080272
3503,18339.145550279245
3504,17293.396428520777
3505,17502.548082096753
3506,16843.084060762016
3507,20880.022819824415
3508,18403.566718803613
3509,28457.69158138169
3510,17070.451504509878
3511,18003.72378257902
3512,17224.848675778718
3513,28893.330837888017
3514,48288.829300231366
3515,26810.26861891034
3516,19039.732607925005
3517,16057.610943873176
3518,21718.93444637046
3519,17644.743288350328
3520,15948.451105550428
3521,16451.184894923477
3522,33224.73887947344
3523,44058.433533418094
3524,23715.44728344741
3525,24356.788127435462
3526,26904.733922880652
3527,36519.26625521816
3528,24975.113857371718
3529,26259.36531211727
3530,21762.84270972183
3531,16628.271319986423
3532,18719.26771623273
3533,22526.013639543293
3534,19928.92092580071
3535,17903.740895739476
3536,15955.559833656289
3537,29878.59023215033
3538,23501.565723267937
3539,32846.84023255075
3540,17156.036746406582
3541,29446.063816761456
3542,18771.18256049077
3543,20670.693434336907
3544,15866.237583463408
3545,51006.155350242225
3546,39048.0900920738
3547,26687.638688399154
3548,19064.312583760675
3549,25658.8374755325
3550,17122.83722950081
3551,30802.442934195224
3552,16031.82642261462
3553,17505.578066513768
3554,36418.41200276693
3555,35713.596600984
3556,50834.305781268056
3557,18156.922304582265
3558,20060.408400187953
3559,19670.91287492625
3560,22132.06617300505
3561,18209.061975822544
3562,36747.27417663964
3563,16745.523266921613
3564,27369.90326785906
3565,36936.78111891785
3566,19707.410257392257
3567,29524.287160190965
3568,17149.705733590607
3569,26175.702192328885
3570,15877.238704969659
3571,26067.712647719578
3572,19100.606736932492
3573,16408.893924116204
3574,16372.860997239874
3575,26736.411569336764
3576,19411.664652751253
3577,18384.271875123482
3578,23791.167789838335
3579,16993.615642057805
3580,24729.9464893763
3581,29102.897986932872
3582,17647.59801830366
3583,18780.668831563064
3584,32980.83626309225
3585,28942.51149216438
3586,18015.019168085884
3587,22249.641394357506
3588,17366.65736748489
3589,26368.073334539913
3590,24191.758963116128
3591,27263.402238836363
3592,23547.429812833445
3593,38652.605448976115
3594,34025.18792741228
3595,18805.63402227838
3596,20204.054272904163
3597,18120.13556231781
3598,27922.831659007694
3599,33626.7904523418
3600,16243.461322715759
3601,30183.0224832054
3602,17767.882866783315
3603,16671.94850843907
3604,27920.967604353104
3605,24574.30384019191
3606,18265.076662475236
3607,18800.496231002147
3608,38972.658709937365
3609,21449.87840880492
3610,31930.02416999902
3611,18433.50836807791
3612,20905.48056079962
3613,18086.558197870505
3614,16800.993435825992
3615,26470.281773972714
3616,22747.027448451332
3617,26434.540097411587
3618,16277.771453989933
3619,28648.77387137879
3620,91122.95450212718
3621,33516.65055313719
3622,76047.65331416506
3623,33281.45860334673
3624,17382.407720871168
3625,18072.589230383586
3626,26001.3374592235
3627,21118.101356034094
3628,17971.339061757128
3629,20066.610534395968
3630,21681.12338660931
3631,19699.87474108643
3632,20140.609610260322
3633,24709.0410933315
3634,29150.35020103452
3635,30861.98772793497
3636,29752.075682538354
3637,18863.836850418484
3638,25789.164073774948
3639,24195.935357888826
3640,24387.092289177614
3641,28852.659600050083
3642,26188.343293218146
3643,17286.70559842246
3644,30951.5798443272
3645,18553.218747479375
3646,16298.531429243343
3647,16779.979579611507
3648,21099.38128288438
3649,17256.12074355694
3650,17090.74715791329
3651,26942.415318226835
3652,21331.287455885715
3653,34277.598151561135
3654,33673.40434695441
3655,16405.521761509313
3656,29130.020938892412
3657,17597.519091906895
3658,20870.528635505834
3659,19430.571365657444
3660,20573.564438448644
3661,27229.400678451613
3662,31708.596336532348
3663,16931.22889677666
3664,26113.136043938266
3665,34867.38431212768
3666,35900.058286156105
3667,44118.266235346025
3668,30828.452068888295
3669,28796.99832318017
3670,18811.708379172866
3671,17435.530387011022
3672,16312.496319307706
3673,24921.726939628923
3674,28932.583129992214
3675,16520.10017606906
3676,24185.05747171997
3677,27209.57412669513
3678,18406.38402440795
3679,22399.644009842952
3680,48018.14426039881
3681,16917.928310027106
3682,31573.911700394976
3683,20864.699877875777
3684,31727.85790388478
3685,17454.959451188253
3686,31595.464319274448
3687,23270.685262436098
3688,16034.770036048914
3689,18538.754562176364
3690,33420.2155263818
3691,21285.098040426812
3692,28056.534956090247
3693,27951.86704935461
3694,23915.708906651886
3695,18688.18908620517
3696,16228.677138472656
3697,21955.71813062583
3698,27601.27976227486
3699,17255.810107778132
3700,25814.202056676306
3701,19119.889744481083
3702,58936.71449927996
3703,17688.040825214626
3704,35649.756990109025
3705,30712.074246575845
3706,34605.1852731722
3707,17706.714761023057
3708,17475.851820131007
3709,16985.7305806465
3710,30490.120301378847
3711,24577.251199057064
3712,25372.31993165987
3713,18238.650229409275
3714,36280.24932457425
3715,22785.3173760154
3716,17239.52293863413
3717,25954.938897658903
3718,28050.81606983867
3719,30853.593038467996
3720,32855.095708085784
3721,25375.907521499517
3722,38092.27024522362
3723,19706.099321517264
3724,20085.760022276914
3725,26814.634918424523
3726,25668.55435266509
3727,18650.085905917073
3728,24408.225788978067
3729,21271.962916539866
3730,24057.605160042334
3731,26652.23899044644
3732,28230.8322459543
3733,19648.176453992786
3734,15994.220647657585
3735,26217.544138043013
3736,17437.75254814951
3737,26782.406266048318
3738,23678.981580016367
3739,16321.421136485635
3740,21627.108297460843
3741,23167.625088654295
3742,72972.08370890132
3743,35234.488697590925
3744,85924.02334277824
3745,31374.92020506289
3746,16856.090694026014
3747,17061.942939405395
3748,16347.842898820461
3749,17167.803174021894
3750,23762.131004455816
3751,26081.682090703984
3752,16947.927928553014
3753,23690.078073083605
3754,23879.140250917975
3755,18229.70285874306
3756,22392.307049026032
3757,17233.13235650538
3758,17275.877136721036
3759,23609.860148007705
3760,26149.24743672825
3761,25160.983480594827
3762,16122.509446891872
3763,31194.7232541711
3764,17157.912368995425
3765,18341.231414083242
3766,17382.29996349357
3767,23888.72428213393
3768,47795.345248947204
3769,36918.687879162826
3770,16703.188556267993
3771,17513.552018486065
3772,25057.658014848028
3773,45479.16674995671
3774,26383.512135426936
3775,33514.41308324812
3776,17778.349935036233
3777,27346.746720805786
3778,27729.74733393696
3779,16736.79953280231
3780,19090.328446530173
3781,43665.309423455714
3782,17116.940870060014
3783,16403.806605970276
3784,25626.397047980056
3785,27413.902450294285
3786,16180.658708336074
3787,16021.709484441311
3788,25292.24870396427
3789,17323.167548946014
3790,43917.31029752115
3791,16494.4697186719
3792,20435.078521895968
3793,20353.352940696022
3794,34794.29592549507
3795,17138.922219382053
3796,19682.87404603659
3797,25558.933316592593
3798,37925.42535648317
3799,17760.33091415692
3800,18349.708495892333
3801,21130.365593930732
3802,15975.369907634657
3803,23393.846094244935
3804,36894.83244705328
3805,36629.31546061632
3806,27241.66726947772
3807,35874.98776952322
3808,24955.405395293124
3809,16706.070207866913
3810,29010.037296627936
3811,16486.20105774631
3812,23349.995800849687
3813,20571.1903819531
3814,31437.7452730159
3815,16547.161148961794
3816,16647.632433408733
3817,32096.426164592824
3818,16957.293371514992
3819,20087.206369495078
3820,45113.93106200257
3821,18251.418046908984
3822,16085.091746311582
3823,19575.51280098369
3824,16071.164413275716
3825,28390.1991207129
3826,17017.06151943511
3827,17779.78063057707
3828,27272.01654997049
3829,16538.41653269026
3830,35523.961375183964
3831,19981.057730064567
3832,35919.15956413287
3833,18038.97093401526
3834,34355.17073174399
3835,23884.657859818453
3836,18514.265040343133
3837,28366.42961675011
3838,30275.501280094188
3839,18249.23579201301
3840,18125.30999838206
3841,22122.89676128868
3842,35242.260290035025
3843,25002.723508793686
3844,31052.87623559933
3845,20218.181007745177
3846,16589.75505700632
3847,31166.904016728036
3848,25669.294895286534
3849,18809.569013106793
3850,21137.0169459181
3851,36436.05157713248
3852,18305.271487171427
3853,19100.315271768246
3854,41694.44276932419
3855,15964.348377017697
3856,16155.54329661317
3857,29141.232933849147
3858,18154.18430086527
3859,16376.150306614052
3860,22053.907987180693
3861,18591.73354060753
3862,18225.072210412935
3863,17411.30663785452
3864,36628.9661283715
3865,31027.158612513736
3866,27931.94068685734
3867,25315.681549444424
3868,38002.47211626323
3869,15997.128749794241
3870,17368.034228812743
3871,18444.23120579854
3872,27379.12568034658
3873,34587.28576007147
3874,17237.763751091883
3875,16859.949417471635
3876,20199.764957932013
3877,17183.73988285556
3878,29416.163688894012
3879,33875.922240582935
3880,22277.812669161063
3881,26629.943578632872
3882,30954.68684137043
3883,26534.99420822234
3884,18307.226912346545
3885,23559.08815725833
3886,16199.498675739615
3887,58707.24606236935
3888,17260.455827545426
3889,18028.17634312058
3890,23697.981493140724
3891,39604.10543490858
3892,22829.05435423617
3893,51909.07091924152
3894,36769.15808394975
3895,17260.63073513187
3896,16635.383578796456
3897,28802.471027463685
3898,15952.383525666091
3899,23582.888855262783
3900,18872.355220268673
3901,26624.699563524136
3902,19830.286070083963
3903,26703.493796792736
3904,22887.915681833758
3905,20770.06615387679
3906,32398.170502254146
3907,18079.911839388278
3908,26298.89542515494
3909,28217.7905940953
3910,16832.72410816456
3911,21525.880637299633
3912,18821.54945604522
3913,16518.252917789156
3914,20340.179275426075
3915,17650.04710084827
3916,45033.71789645084
3917,19781.711934868174
3918,17639.58827347523
3919,16817.177078934943
3920,17901.44868459093
3921,16839.592560596866
3922,18025.909031903957
3923,20201.429036586924
3924,28694.479939154106
3925,17375.742526718812
3926,29805.091413306294
3927,16050.663408949513
3928,51242.25972177438
3929,25437.107645526004
3930,25135.110742539768
3931,30373.571237667842
3932,16308.768716420473
3933,19703.451872850615
3934,22451.95334936981
3935,37800.01662808207
3936,16837.80994604401
3937,33056.97174352907
3938,17002.359718574815
3939,30379.763660911176
3940,30557.03076735604
3941,17703.451573078313
3942,20421.270102913782
3943,16588.315301375485
3944,19520.863904725935
3945,25583.33909487226
3946,40755.51523048692
3947,81080.28082236317
3948,16290.559079553128
3949,30452.319765103533
3950,18308.968638746665
3951,25478.285337783647
3952,40543.41977609483
3953,24674.24783451271
3954,29982.615246541576
3955,19764.079840075083
3956,25953.670311156147
3957,18267.047393628643
3958,34106.067930762234
3959,28652.503642692278
3960,28664.379298000706
3961,27260.756728796747
3962,18152.087247630014
3963,16791.26390192477
3964,17232.855005466103
3965,16002.02318253076
3966,27788.519872674893
3967,25618.381919193886
3968,28209.536687835625
3969,16525.044281930885
3970,19716.001629380105
3971,29116.13349693967
3972,16345.040572003192
3973,25528.676431117357
3974,21740.562588297522
3975,16144.95178851699
3976,16959.681032775672
3977,23636.963728906638
3978,23398.654622605773
3979,16534.950731484765
3980,18786.32526934045
3981,87584.09262767575
3982,16372.71460416905
3983,23581.235799041453
3984,17106.20854681995
3985,19221.390361652044
3986,17796.073240279537
3987,31253.8862100441
3988,32123.596816262354
3989,16036.329987926443
3990,24924.5079700351
3991,26648.089741775882
3992,23649.399418677673
3993,20451.553671209604
3994,19424.56580693505
3995,19857.614660285017
3996,22721.20431297725
3997,17070.638732492265
3998,25120.462333329226
3999,17597.819095158964
4000,20168.712076251446
4001,16841.612282106747
4002,42665.48737703286
4003,17253.09485427863
4004,25803.051924644933
4005,31120.190590530146
4006,15893.557631897702
4007,37684.67119634021
4008,22315.86083613155
4009,23907.806980084828
4010,21125.63533800396
4011,19537.100458858746
4012,28833.445380080066
4013,17093.320707877298
4014,23636.68757976317
4015,23761.57011945427
4016,23752.337249348006
4017,29171.29179255189
4018,17270.212204414885
4019,19517.973751777983
4020,18132.167591502457
4021,29361.977499355657
4022,36100.39341758489
4023,21074.526554155094
4024,17283.738221774343
4025,21047.555641393945
4026,26925.217843662922
4027,20767.62733458525
4028,18041.65714860485
4029,23137.440462245413
4030,24023.53441388345
4031,29039.406926042106
4032,25559.80476815469
4033,22899.433149809043
4034,24139.177390208348
4035,25410.538996597494
4036,24974.959033842573
4037,29538.629853709663
4038,16762.486778090664
4039,16716.103107947776
4040,22296.916354901383
4041,16221.177930030624
4042,17319.016990796696
4043,26919.68462173125
4044,16796.15299410078
4045,28389.007803581713
4046,17255.120968894236
4047,19414.98114157085
4048,16664.880219397066
4049,16654.812538594088
4050,18891.0789975679
4051,22656.850278608268
4052,24869.995813598445
4053,27608.40779320566
4054,20054.923034931962
4055,19709.87025949556
4056,21314.543244784723
4057,37688.5978302388
4058,18284.34668376749
4059,34584.42434642653
4060,31004.492976730053
4061,25615.053200996394
4062,33029.846410204875
4063,23722.96322709873
4064,26106.705279523663
4065,16617.290670140286
4066,16165.199343319135
4067,16953.297166710585
4068,16019.547447140752
4069,24066.864875322695
4070,43880.18556916583
4071,16688.90911669325
4072,31405.56823030388
4073,33117.226515550974
4074,22738.947790611386
4075,31418.9519752481
4076,33870.486931259285
4077,26424.495464300682
4078,20957.630960074675
4079,27666.157976089984
4080,17066.31062794258
4081,19522.583772063546
4082,18328.2303389723
4083,18678.71612296441
4084,23657.32311168295
4085,17660.244743247855
4086,16677.93216864592
4087,16667.063776215953
4088,24481.797416487178
4089,28030.692188425634
4090,23603.269195599125
4091,16958.281955933908
4092,16405.69974116677
4093,16253.384994468468
4094,20400.093424916984
4095,29186.8547613718
4096,54101.61345948168
4097,42549.31330752173
4098,35449.3445862398
4099,18055.03395392893
4100,18928.191912078662
4101,30678.094376517627
4102,24482.50372228158
4103,20742.530336134816
4104,20638.7468634884
4105,24701.83704356147
4106,21443.43026105201
4107,23716.595162882797
4108,17404.122016979865
4109,22075.059117339355
4110,24139.873811735615
4111,18287.141379359753
4112,16907.4961210121
4113,20615.208872116476
4114,26433.59470573044
4115,17580.7626997535
4116,15958.987912475644
4117,23110.138210550784
4118,17282.738907501756
4119,27007.509212615434
4120,16228.185724929035
4121,23527.787668198438
4122,31767.022067392038
4123,22795.38092361225
4124,30468.064895523687
4125,18912.35991374422
4126,35989.238809772134
4127,41548.38800527428
4128,18312.332516694107
4129,23977.183232365358
4130,19472.256047428
4131,16372.536982333917
4132,16359.802031555162
4133,27376.553796465727
4134,24506.325741099405
4135,25409.194026761194
4136,18137.620072283476
4137,18961.2202685945
4138,18944.945071436203
4139,23353.653810823704
4140,23233.125181282066
4141,25983.46441870131
4142,86443.3320933553
4143,29970.26492197452
4144,31335.96299162507
4145,19082.41690818567
4146,22853.152821825064
4147,57905.1825269871
4148,30275.638431532723
4149,34095.603962838315
4150,21824.077337729675
4151,17329.30228395381
4152,25668.97664294718
4153,19940.14751561988
4154,23803.292999945596
4155,15891.850527767654
4156,18777.861398862595
4157,22607.793403307125
4158,27141.534031052553
4159,20860.255393833337
4160,24816.099886471395
4161,16083.665106570945
4162,68387.8832438895
4163,25717.972697153193
4164,27376.292705011692
4165,22274.540912779416
4166,18298.525128189507
4167,22959.89920591117
4168,24022.709611110582
4169,17128.025010494173
4170,16824.468413390845
4171,17542.066651597757
4172,23562.750832038124
4173,31589.272648663376
4174,18625.329420663125
4175,16048.776801540327
4176,18173.11418163877
4177,21286.32622616033
4178,27612.146960782968
4179,28122.087629944668
4180,26419.858828918506
4181,32905.78620527403
4182,30202.78315393376
4183,15987.765597191841
4184,29280.29538460204
4185,37523.288378760386
4186,26463.58638949153
4187,24098.848026929747
4188,21402.949967743785
4189,28783.00199669311
4190,24874.508730384416
4191,22733.781567932696
4192,20420.471594551305
4193,18364.979744457487
4194,17589.454488039002
4195,16529.763244450525
4196,16445.229646813663
4197,22585.24601233802
4198,21145.268538370525
4199,31091.481523702874
4200,22804.714867620612
4201,26804.739845583776
4202,30441.938823600685
4203,40350.193162831936
4204,18307.51718857386
4205,27380.15711281789
4206,25926.685774604826
4207,23948.010785347637
4208,33143.57014911138
4209,27440.040182097782
4210,25371.46697060214
4211,24624.228068845154
4212,16205.45767747285
4213,37269.488801888125
4214,19459.566806505823
4215,25023.17334370701
4216,24536.30697818384
4217,24901.31844678083
4218,16526.232269601307
4219,33959.435027758394
4220,18524.00352263165
4221,19279.284725794783
4222,18605.04572906602
4223,21202.97081282862
4224,18284.135246020778
4225,17814.68070010081
4226,16463.44925812708
4227,16585.370915569918
4228,16510.271513518128
4229,23557.48170348496
4230,20548.265902660096
4231,28054.962982288147
4232,26749.744381142493
4233,33360.97642485572
4234,22029.18155765175
4235,18139.938197436793
4236,28126.808392997034
4237,27786.8370370184
4238,24272.292905723534
4239,17469.240349597196
4240,27234.43911767314
4241,24072.56934803069
4242,26998.85613901711
4243,17383.5620100651
4244,30146.084230117234
4245,17160.536948448203
4246,16181.941546868906
4247,84443.79069426842
4248,24207.170206249964
4249,18872.449715434454
4250,16462.84867819967
4251,20235.332843471806
4252,18312.031248700685
4253,26588.147146422274
4254,20414.856138775627
4255,36138.655659787364
4256,24112.49253951742
4257,22495.286449407507
4258,30044.335799024295
4259,16678.78516414485
4260,25034.487868839522
4261,41208.89230123748
4262,20108.353121574768
4263,25414.70764360187
4264,23999.283297305694
4265,34635.79260936746
4266,31449.11062761435
4267,22415.907091818586
4268,16863.153632884998
4269,27035.148072309396
4270,19125.976678242114
4271,15974.718571068554
4272,57463.30702943608
4273,24627.604189591795
4274,27252.80224532216
4275,25292.912054508615
4276,23725.661403950555
4277,42446.5896707916
4278,16979.620302048534
4279,27177.700227936424
4280,17632.864410689075
4281,23329.077652884316
4282,36747.95757775658
4283,19015.358874400503
4284,23399.19578336679
4285,25102.943392023062
4286,53248.05049752865
4287,16868.952518777813
4288,16571.871797765114
4289,16723.859023608686
4290,17147.873938413333
4291,23724.563995211727
4292,25202.29705939913
4293,19234.027484339975
4294,29040.043920103293
4295,25520.059048978004
4296,27859.324285779847
4297,17185.911515528933
4298,23249.239479031745
4299,27453.53403849959
4300,26162.26874127888
4301,21390.70603268345
4302,20968.657080413726
4303,16903.946934245858
4304,16959.717426487972
4305,18856.792475695947
4306,17427.34471779663
4307,31540.6703052173
4308,36222.99612523095
4309,24966.576177364237
4310,29606.473431359052
4311,31661.010649207616
4312,16348.090415305367
4313,17257.285163192228
4314,28784.77947555451
4315,22415.078693019183
4316,16484.292738068005
4317,27918.51123666027
4318,16264.823229561614
4319,16206.549271806463
4320,20333.33263027727
4321,37723.173452801224
4322,27168.65578286393
4323,23298.049412101154
4324,20565.63890613358
4325,16377.837187987596
4326,20024.575021738572
4327,31834.108321629545
4328,19981.072022351113
4329,20636.717092414572
4330,43902.81043817456
4331,24614.824343578017
4332,31055.852714297434
4333,19636.31595949662
4334,15988.777720210099
4335,20352.396950533283
4336,54272.666959805465
4337,19761.54946353263
4338,16604.20501587318
4339,18684.575741275876
4340,19725.201084726075
4341,29241.519545299194
4342,25977.839804933352
4343,19122.21030194422
4344,19463.81729141249
4345,24759.469267776913
4346,23583.259965442456
4347,19133.167226740276
4348,26940.687368533898
4349,35927.37341115291
4350,31645.116842547857
4351,24203.124598375685
4352,27408.39950366831
4353,27802.423728146823
4354,29735.14078164907
4355,26062.237573907998
4356,16773.52537331484
4357,16509.576719314817
4358,16213.819426103653
4359,23263.351430649112
4360,18778.456879820893
4361,16449.474770955185
4362,26571.802996701677
4363,16664.470958507638
4364,20893.849989555034
4365,17859.987781444892
4366,26316.627775081866
4367,16052.827731708729
4368,20643.990747537813
4369,27106.572803046074
4370,34154.75495965906
4371,24462.01162730417
4372,25206.972443868293
4373,43942.53156300273
4374,18508.255833007846
4375,27885.50106372831
4376,18664.025051511497
4377,21411.75207193405
4378,32698.946701459434
4379,26510.93212952322
4380,17959.40518407585
4381,23110.705760367004
4382,19220.753338683055
4383,39004.13427521687
4384,17254.04308744122
4385,27124.18359416105
4386,24405.95624545193
4387,16734.040258717334
4388,21736.960289998297
4389,18357.920301389633
4390,21744.62949690636
4391,19101.679275946553
4392,21655.42334490454
4393,16548.778837544174
4394,24328.30812764598
4395,16746.74107929538
4396,24212.573099262234
4397,17016.396115228432
4398,26192.27108009042
4399,16829.072244284336
4400,19191.457076003655
4401,28838.773739647066
4402,27835.249282730303
4403,17778.551285225436
4404,17445.772559811216
4405,26990.52759988356
4406,23777.415965650867
4407,16368.770291676774
4408,28271.03814727368
4409,26240.964542472
4410,17526.869512218225
4411,28397.124641361926
4412,18295.879192274788
4413,20756.979116368555
4414,29255.020375386342
4415,17179.4076809746
4416,38537.901806280504
4417,16072.298696469845
4418,35262.138156292174
4419,39730.24173435751
4420,21509.876042047064
4421,19103.175465990993
4422,74755.93486380164
4423,22458.506623836452
4424,36050.282431124724
4425,32579.01876871325
4426,37770.38625074988
4427,18289.82966037198
4428,17301.248984240952
4429,18399.409567237737
4430,18910.31731278266
4431,38864.83458303262
4432,26715.09034322701
4433,26623.664849612334
4434,22456.78781047596
4435,21454.870534647474
4436,19046.718162721896
4437,16456.610615946458
4438,16864.510683029726
4439,26051.551753759126
4440,26805.37895184306
4441,27479.185407645895
4442,29052.03863359488
4443,20115.62041338635
4444,25269.51835910245
4445,23982.24317344398
4446,17643.788308612267
4447,40292.90546243237
4448,28521.950885097143
4449,20064.78772604365
4450,27425.140518820594
4451,31173.73386072363
4452,16674.33773916728
4453,17966.26855121143
4454,27408.6609013181
4455,16076.34981380606
4456,16311.747619170917
4457,25631.401665553436
4458,16504.85958404752
4459,18897.057046621132
4460,25476.681658212197
4461,17258.836473236537
4462,26800.969428797136
4463,25151.080941426448
4464,28005.788004036043
4465,18325.32450001584
4466,28354.150082037817
4467,22140.700921231193
4468,17045.125477492693
4469,26200.740618212127
4470,27941.565657516243
4471,24205.831214092188
4472,18205.64110290279
4473,19806.175368457873
4474,28564.219466637896
4475,23869.332418289243
4476,30450.91123405622
4477,27705.374745176687
4478,16235.179127574751
4479,23081.993114726938
4480,18741.588384051916
4481,18197.703507745435
4482,17419.437010715585
4483,17324.33855788785
4484,23722.001686872478
4485,19073.987914604542
4486,26739.044448274177
4487,35727.674708573024
4488,22281.908353070885
4489,26533.56441841136
4490,18789.517004197474
4491,16587.33246304676
4492,17200.78022523277
4493,19306.238369928175
4494,30591.904973525714
4495,16924.62975682428
4496,31840.613685877175
4497,16492.442471217677
4498,18876.05888489442
4499,17537.57303100745
4500,19326.657466247998
4501,51102.744647276544
4502,17479.12098529952
4503,18476.25213214784
4504,35235.42959920998
4505,16953.351736760847
4506,23644.04890280357
4507,18192.755654726312
4508,17641.213907076555
4509,27952.446865375383
4510,24315.718372447765
4511,24370.44503262877
4512,29166.882518636256
4513,18430.95717207353
4514,17515.57739596789
4515,16800.23833924876
4516,24164.727908461467
4517,16331.127647386425
4518,46342.29373040377
4519,29930.37557437914
4520,30615.349307125107
4521,17469.63605091712
4522,17055.014299652797
4523,33012.076938630875
4524,16237.439952912206
4525,23338.61898901848
4526,21837.766844550926
4527,16807.712685720006
4528,17359.917498465868
4529,25249.553503847852
4530,16726.21381822783
4531,33155.62331918743
4532,19352.320717229937
4533,24232.72913409412
4534,20705.246533265727
4535,22255.28128819428
4536,32485.126535078816
4537,119180.4800388105
4538,18538.734671188307
4539,17232.464667120486
4540,18603.428867486375
4541,16808.760682095904
4542,36761.20755683294
4543,16676.43903445984
4544,15906.16290743992
4545,69793.78625364532
4546,16482.905365225743
4547,32353.83097341395
4548,22221.85542956737
4549,24918.9878091944
4550,24574.116346218423
4551,16439.266755177854
4552,27865.34296734597
4553,17763.32081546854
4554,16769.21062050511
4555,19079.26185419323
4556,19839.711506304382
4557,16615.234462659628
4558,33994.60142579632
4559,18297.06578068483
4560,23685.497669063396
4561,26019.17316387079
4562,34616.1275072094
4563,27097.513262779477
4564,27494.402868363642
4565,20319.360410402223
4566,22455.476032092905
4567,23772.461586946964
4568,24128.595406790882
4569,23703.38942563351
4570,16676.80882621205
4571,20101.205876902543
4572,19358.65703882041
4573,16823.46155594563
4574,24111.80840577174
4575,44841.09917550346
4576,19416.761123886223
4577,16693.45396399123
4578,22658.081980048177
4579,17009.731336913726
4580,19924.62588493369
4581,16182.954385969218
4582,26159.362083590346
4583,27662.912755098787
4584,18483.317413544308
4585,28110.396424588773
4586,18193.525617981828
4587,18599.239875763375
4588,26392.27004521616
4589,17222.18141024477
4590,16431.587965365132
4591,16595.519286093157
4592,16876.137537070364
4593,18224.322638420712
4594,16302.023474105688
4595,26014.068025645047
4596,19069.18600903802
4597,24126.35186299653
4598,20438.243352283112
4599,18804.885234074787
4600,19413.941929555294
4601,18454.966881060773
4602,28781.355010008567
4603,18527.04246491889
4604,23451.155207693242
4605,50232.05516215421
4606,46367.44831143907
4607,26875.145777889473
4608,17480.150409255435
4609,19293.3191980196
4610,16853.898448298092
4611,17579.4087943872
4612,16366.33313868852
4613,19096.35133172492
4614,27378.79275790697
4615,28810.960239563083
4616,17734.641064391944
4617,17136.30298847801
4618,19381.927227074466
4619,23108.402586434815
4620,23225.127596420745
4621,21086.54426908567
4622,29225.864715092463
4623,19889.58750772108
4624,22660.178187301204
4625,16569.42613557855
4626,18858.267237131873
4627,18256.82803096625
4628,26902.873687404066
4629,36849.01277162915
4630,23734.646225224216
4631,22878.574959881946
4632,16892.999738370418
4633,34831.97945288768
4634,29035.910631384988
4635,18159.49835298684
4636,17689.837527142427
4637,40334.45713628072
4638,20284.72092700226
4639,20120.88970277381
4640,33212.66850310861
4641,23080.336646424672
4642,81868.33672682462
4643,35039.501701036446
4644,16317.518359986965
4645,26393.585240985532
4646,19492.583481289486
4647,19562.94751529974
4648,37716.68923243211
4649,27542.811283359515
4650,17658.032122814424
4651,27682.10598370802
4652,37813.78116708042
4653,22353.462323569725
4654,23897.292232390722
4655,32674.483350048402
4656,16054.613374125256
4657,36647.50280427271
4658,28064.50989889564
4659,21853.700156684747
4660,19770.741886624615
4661,31334.77507518513
4662,17703.204642194363
4663,19070.4068334793
4664,17119.483668394165
4665,28657.53892092446
4666,21568.64265382148
4667,19879.417905714105
4668,16901.754509762584
4669,37595.67256209126
4670,19520.53810119091
4671,28406.706713930507
4672,28537.330737704982
4673,22846.048619769153
4674,26233.789235650132
4675,27389.369919509274
4676,21941.928528686778
4677,29515.242946229206
4678,23856.88347157498
4679,21874.818358504865
4680,16242.493106224438
4681,18523.983647469733
4682,31069.76153654945
4683,35619.41711162818
4684,16835.40331429829
4685,18559.941732476706
4686,21403.452628930907
4687,27973.608378569585
4688,24965.77257120211
4689,16519.86974984809
4690,17723.0883208401
4691,28405.636611924976
4692,35310.227542743596
4693,17349.293443639257
4694,18820.483670414855
4695,48401.01732008497
4696,22024.69908642411
4697,35802.65539049287
4698,17819.08599474258
4699,19667.12594373958
4700,17168.030357096955
4701,22230.721323160353
4702,28501.7948199938
4703,17906.327989296187
4704,27132.02290979306
4705,17255.47684912027
4706,39409.65148107467
4707,20566.68582337275
4708,32060.715948595964
4709,25932.15092203693
4710,26056.453019099517
4711,16346.882102617978
4712,16017.055354497264
4713,16064.19952390157
4714,21965.635250354153
4715,16390.400545267716
4716,17145.106172714324
4717,42262.174624377716
4718,43692.17770359004
4719,31291.08508773791
4720,18176.33608725221
4721,25521.598523150817
4722,33083.101802333535
4723,18373.54884708881
4724,28028.333091193766
4725,17486.993242842633
4726,36372.19535100874
4727,27687.8091152021
4728,17443.524422099617
4729,42705.58579187722
4730,20244.110908322422
4731,16738.441746239303
4732,18659.493186375053
4733,26156.22500217319
4734,17445.612414609353
4735,16567.11908888143
4736,19868.81292637885
4737,22309.51407896817
4738,19492.253502176653
4739,16782.724419624552
4740,105947.96604936407
4741,21614.31612090854
4742,24128.606912681327
4743,23394.28116403554
4744,26775.721312682548
4745,22635.862227323716
4746,17306.30719122464
4747,23821.09198518572
4748,30167.870602205894
4749,19311.261119078565
4750,18225.385084363552
4751,16342.815422402213
4752,33854.339597817125
4753,16615.008651910397
4754,19581.87317244456
4755,23390.131597027168
4756,16336.54298883564
4757,19429.693460862825
4758,18037.302198276822
4759,16126.950044840609
4760,16296.056164425001
4761,21758.29511014866
4762,17093.243271583266
4763,26259.53435855395
4764,21321.971913435496
4765,23661.971409297985
4766,23560.62169259393
4767,25935.632153705857
4768,18608.681408345834
4769,16860.970519144437
4770,16131.482253189492
4771,17155.210473926432
4772,24181.436440182923
4773,25876.98361909106
4774,16795.520254989267
4775,21970.556201565185
4776,19692.39375390022
4777,23740.141768815753
4778,23997.08610632501
4779,31227.34691458111
4780,28334.058550378733
4781,25438.035594825207
4782,25224.82861057353
4783,17447.916983288487
4784,22106.3244382376
4785,25664.270641063333
4786,24046.46839060855
4787,17268.493117713006
4788,17261.509415351586
4789,18681.34392669454
4790,17952.047912370836
4791,32673.034359907004
4792,17644.789566214477
4793,23174.586160829225
4794,19136.65971124303
4795,16341.784785882754
4796,18799.29268443991
4797,19317.98241292923
4798,17008.53292734614
4799,18001.066821693068
4800,17895.531697428378
4801,16765.282721554784
4802,26942.19048578704
4803,27569.696381277467
4804,31564.54067451922
4805,16284.68138769863
4806,23512.085749515634
4807,20665.698987044198
4808,19505.791877981697
4809,32801.159353704075
4810,16212.856842038645
4811,16572.310395709283
4812,17464.39685878048
4813,32207.980535904346
4814,40523.453616150065
4815,21494.49832807765
4816,24022.0795725142
4817,22360.1494562334
4818,26213.681312021163
4819,17499.917095495293
4820,16831.24320192488
4821,17469.167458226348
4822,26630.115010601312
4823,19068.624501503313
4824,18406.71098265632
4825,18267.437209837946
4826,17585.328183175345
4827,28721.77011002728
4828,40272.928239671935
4829,18889.779574029024
4830,16976.772424399816
4831,19547.33497613156
4832,19127.374438765928
4833,20644.697088053883
4834,36743.01634826632
4835,23287.586281129927
4836,20606.581890902424
4837,16257.720148511537
4838,18189.361698095367
4839,27712.52965766453
4840,29465.67923785053
4841,31706.87266760785
4842,28194.83766607343
4843,22305.442571487893
4844,17338.099192744816
4845,18407.13011212624
4846,35270.109260230536
4847,20429.456614036004
4848,17511.25965727637
4849,16315.956343609101
4850,31531.068573448945
4851,23897.383397314636
4852,20860.81743073253
4853,17073.286600217685
4854,36219.47261534435
4855,19387.055182121618
4856,16782.702411104474
4857,16020.12803627699
4858,23493.912659147773
4859,18430.717672232913
4860,17094.592343513046
4861,36352.393790905386
4862,16167.963128614136
4863,22001.335165249784
4864,24918.85709899934
4865,27687.66388199941
4866,27344.464742198496
4867,40001.84731924064
4868,39597.57169957934
4869,16534.651105880665
4870,18771.446624936492
4871,22433.94170230812
4872,25632.703392893072
4873,16776.02115867009
4874,24826.918259643033
4875,39402.49220300111
4876,39193.94272029966
4877,25357.94441320434
4878,42999.60192254683
4879,33836.35246490346
4880,35052.32790858481
4881,33425.87345473693
4882,27729.515931514263
4883,39196.39113503825
4884,81234.30394836706
4885,16857.748631041355
4886,22410.242524069094
4887,26933.718882170484
4888,22963.353752191302
4889,19181.747316102603
4890,17526.065079002652
4891,37033.19868535321
4892,19981.038673698407
4893,18740.21881392764
4894,28142.68642958071
4895,18371.89077629947
4896,17117.95508703652
4897,22699.69119061629
4898,35894.23831202216
4899,16724.913755144247
4900,20394.27447928663
4901,20290.88597364611
4902,21307.22638987018
4903,19793.808907366994
4904,23269.7420531882
4905,30862.289420106434
4906,19460.049347599626
4907,17034.958068127187
4908,17430.92482573661
4909,16128.536269050126
4910,16248.644198446586
4911,24110.71613162321
4912,19111.70621504485
4913,18778.407628799796
4914,16817.439720650986
4915,34179.38937952112
4916,25092.848311473088
4917,23032.751628453603
4918,43032.380256418175
4919,39188.625888297276
4920,20998.230288767263
4921,17221.799526119667
4922,18541.579299163903
4923,21197.026471588713
4924,30949.447193140404
4925,21153.064386497106
4926,17032.151672265398
4927,32507.959943431222
4928,16387.280292769312
4929,22199.507672171254
4930,24473.387522640267
4931,23570.77475327579
4932,33062.0242574091
4933,20731.689847381298
4934,17417.559795027242
4935,23833.72114763011
4936,23627.565200662684
4937,17318.72380489548
4938,25675.25673556608
4939,28453.030612594037
4940,24463.673928174347
4941,15999.503297324984
4942,18379.84737499142
4943,40069.47705808588
4944,38915.18337731825
4945,18128.899483297337
4946,31610.820679029497
4947,18774.074044717836
4948,17514.13037558788
4949,30679.60119353481
4950,17818.076971409722
4951,25043.986230586404
4952,16709.703350500968
4953,17535.770887765608
4954,28881.04357277863
4955,18429.102777484393
4956,29967.285310526902
4957,16792.110682072678
4958,22549.776100223968
4959,17372.202746562998
4960,22128.20115621844
4961,29956.226897516655
4962,17477.06440279273
4963,17596.44709410252
4964,17509.5019660562
4965,40964.627632453856
4966,16734.501103654555
4967,19370.121219719957
4968,28030.097383152617
4969,24831.689784306036
4970,16203.579920846822
4971,16028.10944925078
4972,28047.017500943868
4973,34319.05856396796
4974,16808.16754419067
4975,18378.519575291983
4976,16167.479335709642
4977,35994.89396273667
4978,23859.915454925926
4979,16990.631729694156
4980,29754.87782046354
4981,20934.967167970066
4982,24574.52063188196
4983,38264.55640516193
4984,16801.83670049424
4985,23673.381660683408
4986,17276.867815527192
4987,26449.27997369674
4988,16561.06856811252
4989,21292.435218981023
4990,25207.10466529244
4991,27913.29965998329
4992,22648.667647007052
4993,36674.19740849743
4994,18273.71243530401
4995,28566.221817651403
4996,26943.963501106748
4997,46144.77119994764
4998,17848.717247832414
4999,22647.582252597385
5000,19554.08248372893
5001,18927.429218438647
5002,27362.380133107272
5003,27506.854419777883
5004,38254.90525612643
5005,25303.099685242294
5006,18646.13315039233
5007,25826.853318563037
5008,25588.255991395807
5009,26213.706312301365
5010,20266.529366421742
5011,16162.056449049238
5012,20103.439417519523
5013,16694.47891446138
5014,30700.0895424573
5015,17495.747134849535
5016,23134.312742124635
5017,17718.3349873928
5018,26883.41307567886
5019,21062.55084164034
5020,24143.672828296727
5021,22595.339720883643
5022,19032.9402119434
5023,23670.102484180683
5024,28589.41572390047
5025,16677.61603454094
5026,43651.38191509911
5027,17953.882131827813
5028,18251.006814419725
5029,28363.12254494801
5030,16828.331935514376
5031,29919.40925049723
5032,22709.04551399338
5033,21486.689359376887
5034,19691.62609206121
5035,16591.899100514893
5036,17778.216409326145
5037,33924.48295300997
5038,26675.21451070307
5039,20821.769547142998
5040,16653.84561473043
5041,20067.443053131286
5042,20254.87514313654
5043,27921.633323873262
5044,25546.65083925254
5045,19087.81833389658
5046,26048.99898834943
5047,17344.34466897721
5048,18770.135290624916
5049,23426.90095411638
5050,16625.42092541966
5051,17640.336929591384
5052,19366.447602904624
5053,24267.079194927355
5054,18466.0984572903
5055,17188.92562271458
5056,16476.70488233786
5057,16319.158346289832
5058,23097.457383602195
5059,17749.91254335671
5060,16694.349548310875
5061,17274.66409596519
5062,22734.85483134009
5063,69338.10268885146
5064,17451.29118789295
5065,38741.8890995548
5066,18234.191211928457
5067,21353.738754393606
5068,28394.233725014245
5069,17744.149294460312
5070,30756.855071071222
5071,26004.238959178983
5072,56881.31521086089
5073,31547.145793340012
5074,29139.891991095767
5075,51113.662751052594
5076,32840.912295218535
5077,23702.63212777341
5078,16940.17917878438
5079,35462.14325550968
5080,28084.10228361409
5081,24750.232239182966
5082,17823.985349558203
5083,28074.475071394205
5084,24490.735730140048
5085,18847.32617518335
5086,23798.253790890605
5087,28430.482852302306
5088,26915.314052023343
5089,19900.549949563316
5090,31096.64141739056
5091,48909.67478296999
5092,23767.70091433387
5093,33145.05581129496
5094,24771.99935836914
5095,16425.96487657088
5096,16198.268516236907
5097,25550.007219780757
5098,17341.290906206785
5099,20278.54566585775
5100,27515.099543356668
5101,19861.836060687136
5102,19245.670243884128
5103,23055.564349743512
5104,18152.937726089138
5105,18393.593325326183
5106,23665.565440025737
5107,31873.259244936962
5108,30399.355962967806
5109,17506.018417812684
5110,33738.024271200826
5111,21257.059378918322
5112,26618.80921414268
5113,19222.598013497678
5114,17125.403361589855
5115,30561.40972804593
5116,17085.114412505078
5117,23091.642616558307
5118,21067.415153917824
5119,19570.866951295586
5120,17907.596057781153
5121,24908.675693691315
5122,41219.96679388767
5123,27105.299631994603
5124,23593.23714552134
5125,37311.38305361872
5126,23862.976271656626
5127,40726.99577713428
5128,23563.9081758732
5129,38833.776970534294
5130,31537.83534730593
5131,22139.777116750698
5132,21514.797489452096
5133,26895.14546567365
5134,26859.470531605508
5135,25028.931415949748
5136,25597.88510813392
5137,19414.88393007086
5138,18362.431465018322
5139,28202.6098448318
5140,17432.06778926115
5141,29598.392011830158
5142,16739.505379908456
5143,23216.446355968314
5144,19050.83532317337
5145,31481.827679028644
5146,17982.944280855412
5147,28172.43405131276
5148,16795.604351852147
5149,24115.286766249243
5150,27640.496833136145
5151,36712.39380059095
5152,24547.143848073723
5153,18799.18062629716
5154,34647.65320640807
5155,42285.527921589506
5156,23112.49666426673
5157,21220.63169236794
5158,28777.471239589468
5159,37633.500657276534
5160,22981.039749354244
5161,24644.34483945046
5162,16579.03108839411
5163,25713.772701692695
5164,28009.50752860625
5165,20122.26661296655
5166,29730.447804749627
5167,15919.859954129583
5168,16151.046689003819
5169,19313.395377261546
5170,29633.677080371115
5171,16424.26716431909
5172,26055.539785707097
5173,16984.396173822406
5174,19507.0755359381
5175,85675.19115153793
5176,36209.8537969243
5177,16283.456407526766
5178,18357.012074009555
5179,25439.7156937286
5180,24687.988551564278
5181,17204.859376079155
5182,17955.19637861319
5183,16589.300175653956
5184,20447.145999238408
5185,24681.53210994048
5186,20462.857546725678
5187,18063.505819666534
5188,17693.87866435662
5189,16801.02348015836
5190,17535.821060941344
5191,19656.538131057558
5192,16773.533372033755
5193,16780.89981122299
5194,23342.052599018836
5195,28035.54466691257
5196,17164.53902843016
5197,33919.1368986194
5198,19256.925182164206
5199,16604.820650134603
5200,15934.40461813508
5201,21859.79997593642
5202,16071.311942203003
5203,21673.683281816408
5204,36024.76343950048
5205,16049.878890091319
5206,17817.45671594924
5207,30790.305507120833
5208,23624.100858953712
5209,26524.803893489436
5210,26397.575278868557
5211,16560.750700422075
5212,25161.007476943665
5213,26833.002894825295
5214,25385.565679593372
5215,24741.74193565001
5216,28397.1923478479
5217,16202.210377574092
5218,20262.975627607542
5219,29763.73998819073
5220,26374.631362607935
5221,17117.385730470614
5222,25124.361750540393
5223,29730.171353382826
5224,18811.14548254457
5225,31754.867983867316
5226,16682.656999710503
5227,20354.89378076483
5228,17986.040271368092
5229,20719.896593795856
5230,16411.39415324133
5231,16425.65939290864
5232,17743.311621122855
5233,17130.579666545065
5234,22462.169580843853
5235,25577.26443351309
5236,25665.50060508341
5237,17714.35795529576
5238,23594.182215603483
5239,35281.70757458005
5240,16464.9782843396
5241,21016.382071962085
5242,37968.94407817954
5243,43451.309359564904
5244,29388.753297472093
5245,21883.365791024917
5246,25587.597096841044
5247,16791.686285739175
5248,16018.943962314415
5249,22078.938541695694
5250,17818.64201743704
5251,22174.89293622763
5252,19880.34457013359
5253,45754.88808356112
5254,18175.60585415319
5255,23331.831165724398
5256,25845.770970228412
5257,17440.746365378312
5258,23045.638700169504
5259,34022.23511450557
5260,16222.411763237178
5261,37351.24936479
5262,28346.748416171096
5263,17704.492097455215
5264,22442.18320681582
5265,18526.989455840023
5266,19261.967251080783
5267,19427.39580811103
5268,24225.975860634193
5269,25053.470275612886
5270,37541.5167998695
5271,17569.69768532188
5272,27760.30279124571
5273,37997.806124808514
5274,27459.13770466792
5275,19216.54447650924
5276,23036.964127820196
5277,26990.92015491927
5278,19795.944573788984
5279,28954.87323280917
5280,48799.20477568169
5281,17794.397273797054
5282,22234.347130297218
5283,17209.583703876764
5284,24525.91346373887
5285,22701.742532313183
5286,17634.359081669532
5287,17689.8522895338
5288,37762.57037210653
5289,16736.853406021164
5290,20563.912957531913
5291,18329.6222460733
5292,20024.96653203531
5293,37874.966389633075
5294,17209.247234687016
5295,78055.61281122363
5296,17456.114395845223
5297,30680.742327509386
5298,24045.906527574567
5299,16951.090258543216
5300,20368.341649355334
5301,73605.9908833397
5302,17390.514233733666
5303,20240.75896589486
5304,25453.585295834466
5305,32726.861477219973
5306,18286.33039406294
5307,17425.54143642057
5308,19121.93902381502
5309,27113.372678108437
5310,31353.779667583207
5311,17633.577043920446
5312,21837.938668562958
5313,19049.71794731055
5314,28413.6904579783
5315,22328.692862375126
5316,27045.54734077279
5317,37874.21687931967
5318,22633.028954170502
5319,18095.35118209615
5320,41740.40529802015
5321,21453.64541260499
5322,17067.58839325092
5323,20803.14350004495
5324,26362.629461079767
5325,18869.583572546595
5326,33663.12127607393
5327,23509.523966962537
5328,17957.03306050558
5329,23602.03113487793
5330,19116.799144585326
5331,23676.689517441675
5332,16458.087993005673
5333,34646.86017074781
5334,95275.37368153862
5335,52422.83795570966
5336,20584.555375943022
5337,18310.241207767172
5338,23169.470121559876
5339,16734.046243635185
5340,16939.809605909635
5341,20445.154569698585
5342,21962.671164609157
5343,28391.065564570945
5344,76795.74839639696
5345,25167.15129512263
5346,17191.8787718551
5347,18911.697058789694
5348,22761.979670692195
5349,24148.22667971017
5350,17348.344112496696
5351,22108.348516893187
5352,24268.42157499515
5353,16707.803022756143
5354,17138.421633394286
5355,16746.26592229282
5356,27223.318135160025
5357,35703.09912021126
5358,32860.023351362346
5359,21484.519851147965
5360,23444.95513205927
5361,25155.111062389813
5362,17120.610293685288
5363,22958.78794889563
5364,23755.91668474772
5365,24159.583384385307
5366,28338.463546813535
5367,15839.098561360417
5368,33966.73102697304
5369,17670.507262111554
5370,23468.52861974301
5371,40331.77415997245
5372,33644.97101502082
5373,17253.55148066324
5374,18748.710421155985
5375,50576.92303008336
5376,19062.67171994571
5377,24455.544310292968
5378,35669.84768303268
5379,18819.442624403626
5380,34048.389401130735
5381,50055.77180552645
5382,16771.073945694672
5383,17910.489041647143
5384,26051.88096069475
5385,28698.414091759172
5386,50907.80655917137
5387,90617.45906610247
5388,39903.05690234952
5389,20523.933116082728
5390,24783.507587361957
5391,16150.465206319723
5392,18895.243610351044
5393,16376.950772641301
5394,17572.70996447932
5395,26035.481576921346
5396,17773.89326158988
5397,26665.955804705685
5398,25003.832344894654
5399,25296.596981968167
5400,17489.707773586706
5401,25713.312889836034
5402,29296.573095863958
5403,19432.52652571455
5404,21968.75949449825
5405,21308.077353269113
5406,24434.16011257044
5407,77135.59511351158
5408,21260.959806101364
5409,34141.402449120564
5410,16314.620092111903
5411,25196.613248575068
5412,17843.17292647146
5413,23611.1718038202
5414,20996.713341746436
5415,21325.718997829084
5416,26597.65786699353
5417,18149.172551243915
5418,17677.462542941263
5419,18647.484729561427
5420,26326.66906845595
5421,30776.22092954003
5422,24728.77315010399
5423,17570.08937809025
5424,18915.48060427823
5425,21944.267179326183
5426,17226.45868026024
5427,16197.812782270918
5428,25787.27644459594
5429,24088.995905911175
5430,36371.475578349564
5431,20069.577138189074
5432,28517.524167316962
5433,29113.78717330935
5434,22559.735621321022
5435,20613.726966280617
5436,20500.496733019925
5437,17499.437259537935
5438,23999.55796032253
5439,15988.552798447088
5440,18757.86555246989
5441,40472.693441954085
5442,25923.05740465399
5443,18226.5040872373
5444,18466.221738884276
5445,30575.877144114966
5446,20314.196561585
5447,38011.25298160969
5448,16414.79296272299
5449,31953.09974070528
5450,17594.139688308547
5451,25573.136194936404
5452,35917.129945558576
5453,26999.841058883474
5454,22873.077065473295
5455,24799.00605749465
5456,24402.28468731374
5457,17818.701497008526
5458,19820.220036489343
5459,20679.357115817616
5460,23064.75185610459
5461,19631.908444433207
5462,23447.06263841641
5463,32414.635730944272
5464,26562.59284898874
5465,25043.669759514272
5466,37414.94209747545
5467,27440.38039180478
5468,16844.879282758357
5469,19123.712659738194
5470,25935.236395126238
5471,20327.98105132099
5472,25590.24497971284
5473,28041.32729784223
5474,26490.302300155327
5475,25220.600907613963
5476,28345.26831486451
5477,18423.246400950724
5478,28279.24262234437
5479,17914.330706943736
5480,26176.90049408694
5481,33411.49940998611
5482,27965.03917000272
5483,22552.77102294663
5484,17550.069777005945
5485,19313.213484145308
5486,40925.13929642084
5487,16473.430727085874
5488,16800.034048394813
5489,22307.577959233917
5490,19420.21970945916
5491,22461.553691035202
5492,20292.50917502411
5493,16755.695717002698
5494,30733.133845063043
5495,25789.932692012353
5496,60366.843581637906
5497,19547.72880808671
5498,25255.70689900904
5499,17086.878392759194
5500,34385.49955462167
5501,17189.34366435714
5502,16331.581291017297
5503,31797.332865138105
5504,33234.65032095138
5505,39802.906615987165
5506,30469.91010674894
5507,17669.224384513545
5508,21277.398119031346
5509,17163.712346485267
5510,43500.681295049406
5511,18266.56394597458
5512,19822.164776825
5513,16485.682193044475
5514,34746.55293837653
5515,30268.95482620405
5516,33108.62099323091
5517,22269.54391379627
5518,36989.967526138076
5519,28286.073635438624
5520,36392.545660614654
5521,16037.742869409656
5522,22312.567532271136
5523,28072.306391538743
5524,28173.26026305137
5525,46881.45310960493
5526,29109.69197269448
5527,43821.145900367745
5528,17556.617650126598
5529,23738.358832042184
5530,16576.210871728665
5531,16921.03461102198
5532,38216.5345656378
5533,18333.925371390833
5534,35651.465491414136
5535,17686.28647548878
5536,19129.800810484016
5537,31859.545250870306
5538,25957.903300022877
5539,27467.525701493658
5540,31923.995283292577
5541,19214.54232562588
5542,17089.893468813763
5543,26467.523903410627
5544,24702.86185788199
5545,16484.13355763366
5546,23301.682617119837
5547,20109.268881114513
5548,17282.81720220406
5549,19306.597423205163
5550,39673.58825718219
5551,17280.06061813042
5552,29009.83671098295
5553,30257.539812249077
5554,22884.42337691967
5555,23585.244941760626
5556,18729.210034671247
5557,35205.87041591047
5558,19126.006319737997
5559,15938.32217432051
5560,28941.248696941035
5561,27601.496932707774
5562,25635.087008654136
5563,27265.092379631627
5564,31409.61196166632
5565,21522.38318519191
5566,15992.937436940181
5567,31971.71703799407
5568,39501.0699242242
5569,23938.962320874143
5570,27133.47847760708
5571,29492.809778643572
5572,17747.54058325941
5573,20911.295780951546
5574,23708.21635510701
5575,18349.614430411755
5576,20627.387634382798
5577,35175.472186026374
5578,17779.392741744567
5579,24773.96034195687
5580,17399.242648605687
5581,19828.406720688625
5582,31566.23402749322
5583,42674.226435039665
5584,28456.84345891852
5585,26422.45423651956
5586,30138.73937225562
5587,21662.6092599952
5588,24927.128840364618
5589,26247.972838665784
5590,23612.53420159229
5591,41577.2050665757
5592,16285.492915001832
5593,31009.69018902838
5594,35537.3207781547
5595,29642.481948307075
5596,39654.589357271696
5597,28566.971032683643
5598,17922.148978674195
5599,19464.829006454012
5600,31370.230217970635
5601,18984.929354332646
5602,24765.520946996814
5603,19264.28667859617
5604,23801.42019633543
5605,30821.00709973081
5606,35816.666128283105
5607,19450.774127078643
5608,17163.17829837755
5609,16412.168949428386
5610,17638.93217401401
5611,20078.312025618303
5612,19633.509360447144
5613,18846.20725440159
5614,17076.35017245786
5615,18800.00090735208
5616,15813.502763584205
5617,24575.587040467857
5618,24185.63988568339
5619,17612.468829389752
5620,26324.742098305363
5621,19018.85026188132
5622,31199.03738365626
5623,42293.211022635376
5624,24627.809707537846
5625,20841.977557673974
5626,18604.797313213196
5627,16701.00026701522
5628,31492.413046539772
5629,34068.95852333176
5630,23464.645614261757
5631,24851.804197608537
5632,29118.792429460336
5633,26039.42368922184
5634,22704.822599175313
5635,21544.986802378648
5636,18176.747804305807
5637,18627.92528595338
5638,24966.409501367576
5639,23345.575774103916
5640,24446.403176416392
5641,25503.921458358374
5642,18833.086239109663
5643,22895.94454665922
5644,20166.021713020546
5645,27729.952291981062
5646,18144.925765563217
5647,17598.156867178455
5648,41597.07549836619
5649,16551.156337590513
5650,41548.57622247555
5651,25152.999966118343
5652,18314.679520385656
5653,16774.825215187986
5654,16442.916368363058
5655,28120.71982962315
5656,17239.255760740565
5657,19386.408046762386
5658,16758.96802958677
5659,26671.30969195341
5660,25745.857201232957
5661,39551.0264496806
5662,21113.507248442038
5663,23511.704547564113
5664,16216.465860318875
5665,16516.108545469993
5666,23268.410528742595
5667,22001.718109462814
5668,31038.242330530404
5669,22833.354815425606
5670,27073.973916520692
5671,45118.70708435331
5672,19569.60009274185
5673,28952.87125275549
5674,21382.348470446843
5675,21121.150381317257
5676,17624.65754068551
5677,23445.89426268705
5678,28503.84716382387
5679,21701.51599769495
5680,27174.453988366047
5681,19874.27345234016
5682,41589.71717574541
5683,16315.160803698867
5684,27329.85155509764
5685,23919.033513164177
5686,17482.403267087855
5687,21492.33571802934
5688,18406.686844600514
5689,27566.370458575257
5690,17449.48958933654
5691,20810.006922449178
5692,18505.242033222858
5693,74540.91966526411
5694,21084.18894082521
5695,18240.126663133233
5696,23536.84907831636
5697,26070.323189901723
5698,16917.877887766645
5699,34546.34968806292
5700,18113.00180084247
5701,20613.119980878797
5702,28743.74017902063
5703,18032.198029565556
5704,19050.760375180922
5705,25702.31664040217
5706,36480.4183927948
5707,16854.98147448504
5708,24059.85952090957
5709,26391.307287946885
5710,24066.69846733976
5711,18703.17565913154
5712,17435.598980827133
5713,21479.39279331513
5714,32006.87787908654
5715,25220.811373930883
5716,35303.038574436134
5717,16017.641582030989
5718,24739.50036803086
5719,18748.625486041336
5720,18124.700656104797
5721,28031.06645439252
5722,18714.990170658017
5723,23860.359192125514
5724,17067.885467043347
5725,23192.285535977317
5726,26400.854610068294
5727,17197.081318931123
5728,31518.343453963913
5729,32828.68392167846
5730,25521.434227014408
5731,33728.388923064726
5732,27985.54962928886
5733,43747.66400846458
5734,19507.6453024956
5735,27284.269811748516
5736,34281.16161420368
5737,26109.369527989944
5738,35316.138071945315
5739,40367.455985026456
5740,18370.436528269434
5741,25972.95332631143
5742,43166.97522575756
5743,28913.329474793565
5744,17108.89864536154
5745,25127.722563354397
5746,23184.39598172858
5747,17633.39625518269
5748,23524.562311715446
5749,16581.013630122907
5750,24120.52537636062
5751,20878.892748204475
5752,17143.487420824506
5753,24537.0675094523
5754,19520.026135193002
5755,23521.27570766451
5756,31483.524101307394
5757,31715.31802833858
5758,23555.66193713851
5759,23747.393758005972
5760,17377.424641064732
5761,23938.402969692364
5762,22747.331169412253
5763,21503.27142904007
5764,19675.031257239723
5765,18857.43317343203
5766,32937.99240779359
5767,27518.8916865681
5768,25171.94619515528
5769,18069.838092554626
5770,30369.936040431636
5771,24005.578447539996
5772,26559.635383988687
5773,16973.269400764024
5774,17376.179612202537
5775,17207.7516677119
5776,23651.886213738864
5777,22794.783072569586
5778,17753.969520129223
5779,43416.31756432306
5780,23148.343899407682
5781,17799.168889530072
5782,22915.96073434748
5783,17879.772571394165
5784,19138.318351331716
5785,17548.000663177696
5786,20749.163503755153
5787,23252.926058499717
5788,26190.372680296772
5789,16905.1682057468
5790,26195.143920360944
5791,17584.7558606313
5792,17243.952529289974
5793,20778.79625473709
5794,17956.373717186267
5795,17837.17525552739
5796,54415.16618017326
5797,25429.86716468422
5798,19059.61081827593
5799,30596.909009749477
5800,26874.024441097128
5801,19872.359136216037
5802,23202.83862313659
5803,34605.52355588394
5804,24659.297683919292
5805,44411.29097913544
5806,16075.023602449453
5807,36290.700179161155
5808,20045.947393446266
5809,32233.616287539935
5810,24634.023030983288
5811,17406.607867452953
5812,24723.767920961564
5813,16695.81841060232
5814,20074.267180595805
5815,18331.27213156303
5816,24637.952680536717
5817,23930.310963043576
5818,20237.607825746036
5819,15960.369244472651
5820,28615.139075159565
5821,35006.59284174979
5822,16335.758130170863
5823,44296.82648412801
5824,20769.60312758236
5825,32707.024639773517
5826,17056.54742800528
5827,16979.359176105318
5828,17616.97323839442
5829,18166.64392874766
5830,24091.86782838492
5831,18845.22993819042
5832,16237.26573428667
5833,17101.62269002519
5834,17568.627382233215
5835,27360.657867622056
5836,28228.072673567727
5837,19230.09310913087
5838,27384.18529403748
5839,43865.22733065578
5840,27308.81238676243
5841,16222.66511677755
5842,23460.539503475735
5843,25924.38012466056
5844,20054.9397709053
5845,38864.34347027151
5846,30130.232498383226
5847,22790.875686914205
5848,31977.69394215534
5849,66429.59974019243
5850,25277.424344491963
5851,38108.78516075658
5852,17564.057858733995
5853,55074.79028721124
5854,28129.651962176842
5855,29533.313020839432
5856,19240.8320007092
5857,20666.56128690931
5858,24123.711651756337
5859,17740.32297261512
5860,17520.602178355977
5861,18156.859531493257
5862,26464.56440317055
5863,16772.953474797847
5864,16825.691966680184
5865,35917.001492545685
5866,23406.338046163768
5867,31521.792934565874
5868,24266.101387224662
5869,17516.98903463871
5870,17822.803942175775
5871,21606.919547579993
5872,15991.778250390436
5873,18264.140367483298
5874,17236.228718917413
5875,36804.97867763987
5876,16747.96696675675
5877,23717.929713247748
5878,23607.2651981945
5879,20556.70672613855
5880,19132.784027536636
5881,17392.413416154373
5882,25687.288687698143
5883,23360.486971263534
5884,18276.189575284945
5885,19228.582394531742
5886,32624.312505674756
5887,16280.265291294996
5888,21688.752209148348
5889,17001.084809519692
5890,18836.353285583347
5891,23758.375027131173
5892,31058.35554651713
5893,18831.42486584013
5894,19404.82517147301
5895,17498.94074748462
5896,17816.411676817348
5897,16839.620666391365
5898,30317.49862614305
5899,16613.463713320692
5900,28353.372647317603
5901,17545.636857982667
5902,18345.445407628093
5903,47515.642931854985
5904,31738.639502921797
5905,33014.06834420752
5906,23506.032095918697
5907,17355.59674767076
5908,17089.55119017215
5909,20142.191975548543
5910,27575.599896123782
5911,32277.059973680884
5912,19540.960196987897
5913,27154.34372463759
5914,16953.044529877872
5915,17887.96387828545
5916,30414.23251758485
5917,33714.68862731064
5918,17452.787113693958
5919,26579.761513362097
5920,23234.753835812764
5921,18710.92774228779
5922,37699.31054564752
5923,34437.98460778449
5924,30794.813345716713
5925,27704.03381758345
5926,18769.59825181886
5927,19235.834448450154
5928,25526.53398530799
5929,35323.54867977363
5930,24499.145743890796
5931,19578.37879703432
5932,24593.1484186097
5933,16769.776393713495
5934,21610.188567189267
5935,30874.992600331745
5936,19097.166365359433
5937,21904.55182889841
5938,24934.113230271716
5939,24093.516466548394
5940,41949.50974029312
5941,36224.291619448886
5942,19744.78036430846
5943,17511.762781895333
5944,27118.150416377186
5945,23893.57755755548
5946,23876.441699046176
5947,17248.50457937953
5948,24460.151150820027
5949,23906.313547136946
5950,27029.456924024074
5951,31517.17868193857
5952,19572.72189213364
5953,33148.56476719198
5954,28960.327604801092
5955,16545.904590253496
5956,18913.255030259974
5957,25651.7051331586
5958,20119.60882910509
5959,27067.196829191533
5960,22031.931363052605
5961,18690.29236570359
5962,19347.617120944145
5963,23523.468595567872
5964,15996.215262730724
5965,28087.035289213414
5966,16466.179621476193
5967,30318.09859702849
5968,29226.303716725528
5969,53166.379159492586
5970,28227.56790292603
5971,18055.79378369982
5972,18219.276322879083
5973,24262.5376405831
5974,16599.947668645065
5975,17790.456192423964
5976,25617.135889622477
5977,22010.312500954653
5978,28069.247766767512
5979,25629.788348760074
5980,31115.063882649207
5981,18155.537017896135
5982,42582.72305003225
5983,36537.07663666096
5984,23105.041907155082
5985,23733.695529064178
5986,16646.505178078878
5987,22766.19150330259
5988,69791.30688199331
5989,27817.435502000066
5990,25764.746242309913
5991,35074.097243047596
5992,17682.07843238896
5993,17905.84981843468
5994,16427.40620945375
5995,27315.474122633517
5996,17883.17911945489
5997,23820.353644816092
5998,18821.00197125706
5999,17515.88853140437
6000,29341.647566904394
6001,28091.509047378957
6002,27468.305044366552
6003,22459.202753899826
6004,23567.93684985596
6005,34191.57466463205
6006,18336.718900382097
6007,17984.47720123649
6008,37907.77876770723
6009,17202.38387856296
6010,24369.004045117163
6011,17438.60906003919
6012,20031.124276882994
6013,18323.67733427842
6014,21092.920308671404
6015,16491.80741003051
6016,24521.68596135748
6017,17286.746815573642
6018,36762.86414008828
6019,16388.677201505197
6020,31280.597221753076
6021,35090.9016399226
6022,17678.95256366136
6023,16716.19477856242
6024,17266.61569995724
6025,35301.329936625785
6026,16234.830740704363
6027,24010.134876889362
6028,19412.65514276276
6029,18874.164209888797
6030,16447.29815012077
6031,18865.489837725676
6032,24273.132064809288
6033,17304.85270213
6034,24242.125611415388
6035,18312.053079548143
6036,19127.310591034526
6037,21224.353377472176
6038,16232.897329445681
6039,16741.35742119157
6040,46142.5928535427
6041,23354.0491551896
6042,16313.180875217982
6043,21785.41576437977
6044,16399.667111819876
6045,21954.671177679644
6046,54133.560981184026
6047,27119.262541181135
6048,23754.72725555692
6049,23362.63701783229
6050,27354.161205536908
6051,28040.52501189959
6052,16391.53390863239
6053,23512.77529227502
6054,25536.943574767673
6055,26393.33352380545
6056,23950.409058853536
6057,26291.409652564456
6058,28257.587152070657
6059,28991.575396791683
6060,16708.98024434658
6061,38740.71601519458
6062,18897.818516458476
6063,28358.166040790526
6064,22537.91323309958
6065,26119.176054689735
6066,20210.194804092687
6067,24554.718453695357
6068,20628.80904051291
6069,23926.27739491297
6070,26567.32421108588
6071,16031.90478454186
6072,16174.4330812113
6073,43618.58967573015
6074,22619.223847372465
6075,16118.929024155188
6076,20236.58730896075
6077,17106.473662837245
6078,23652.185097865942
6079,17634.745908859335
6080,28372.59843729595
6081,18150.7888840833
6082,24437.3761636704
6083,24353.85559261575
6084,25649.02031388338
6085,25812.251051261886
6086,15979.691874565387
6087,16408.73155934036
6088,27158.254506649937
6089,30096.652378132123
6090,22889.394615297595
6091,25531.44605221625
6092,34419.679181349915
6093,19685.93177384317
6094,19827.324107177858
6095,20310.503713036815
6096,16816.623740346153
6097,16979.183070178362
6098,16612.95074625009
6099,23773.391162849184
6100,37564.08863390898
6101,18908.02697630784
6102,21919.82307397941
6103,17843.521789234695
6104,19783.586858724273
6105,27112.37068824065
6106,24269.185376106972
6107,16914.6350436245
6108,22904.358499033613
6109,29825.600216264822
6110,22357.252075082888
6111,24276.30376943529
6112,29145.51324681439
6113,27385.621741842067
6114,22847.37776568167
6115,17671.07816205402
6116,28457.508384789468
6117,26621.309914487865
6118,17668.291249634534
6119,17242.628671608076
6120,24161.876105282798
6121,20299.05651802863
6122,19361.604388830543
6123,26955.266003418077
6124,23652.906946804556
6125,18638.247928070923
6126,18893.520443975794
6127,18531.820530970846
6128,17989.280483064296
6129,22292.38206537189
6130,23120.306626973364
6131,24599.394054053853
6132,18579.38549759609
6133,24722.65382054019
6134,21773.92643654556
6135,18065.77785957061
6136,21036.728791480036
6137,21504.74293350389
6138,24411.263815971448
6139,39925.382681117604
6140,23952.20792158997
6141,26991.731024380337
6142,16338.930904859511
6143,20567.541540039198
6144,16254.493381606351
6145,31561.951901574528
6146,23227.38702277011
6147,16711.825040874923
6148,25263.355575506077
6149,29820.23173164865
6150,21776.974087903942
6151,17426.085725193847
6152,16227.241633576425
6153,22679.03655917033
6154,25731.938780627064
6155,19891.52956848131
6156,31764.492423161595
6157,25241.481704612776
6158,24914.26485328228
6159,19618.24745746985
6160,27997.689563410873
6161,24750.17912885735
6162,20162.4687716516
6163,41848.34388471994
6164,19199.326843076364
6165,23562.998026918343
6166,20025.28643027688
6167,22712.18613926958
6168,18228.95744266916
6169,20082.937071687506
6170,26317.104649870173
6171,17929.250326378886
6172,23713.92063333656
6173,27840.220599166918
6174,22770.952463537404
6175,38376.826905881855
6176,17099.359781179784
6177,27080.707503121666
6178,24950.55060985414
6179,37812.933696415814
6180,23668.20065706586
6181,23035.096692761792
6182,20622.82159957496
6183,19984.79551120494
6184,17951.555679998928
6185,17896.203741387395
6186,15907.951201491396
6187,19602.389812547906
6188,28435.1469073144
6189,16763.45001689803
6190,17620.596500894353
6191,27223.227264346227
6192,25851.360826418717
6193,32284.26394255567
6194,32083.49583733045
6195,27074.225669586736
6196,31141.448355228644
6197,40014.18110691264
6198,34072.56528675943
6199,16683.605706653696
6200,42681.685044257676
6201,26190.36643578766
6202,39883.63431111153
6203,67294.76065506395
6204,21315.50122737035
6205,22499.10024436165
6206,44547.766416957
6207,20712.732004845777
6208,16524.591174803063
6209,17151.49274017376
6210,16127.78255276157
6211,29784.866568152105
6212,24566.38932351761
6213,37239.057874763974
6214,17209.380590591158
6215,23986.46918523776
6216,32627.696320225852
6217,23506.603763215273
6218,16583.605325751232
6219,18438.266709545285
6220,19654.330808787734
6221,20272.367451002272
6222,25465.665164927887
6223,17780.43560961632
6224,19046.83850834441
6225,53370.2710808745
6226,18369.18386472522
6227,22490.67428418351
6228,16575.250486989276
6229,21437.904089823518
6230,24325.63421686147
6231,27427.69734846272
6232,18542.176129649062
6233,20577.37380186774
6234,16637.4303789307
6235,18640.965597323127
6236,16778.63333167161
6237,21312.67314290124
6238,16979.02113530571
6239,16685.11141730591
6240,23058.13714230646
6241,17140.787797152178
6242,27533.78976308332
6243,39122.78131303076
6244,19154.227604091735
6245,28920.168847198136
6246,24737.353372635404
6247,31336.784846962913
6248,23977.37760586195
6249,23419.88084800527
6250,28168.397381386938
6251,19267.872006551293
6252,24779.034812082133
6253,16311.187575041127
6254,17599.109377229648
6255,16584.200425172374
6256,17606.72921474807
6257,23552.039672577048
6258,18803.302564305857
6259,26982.761332429924
6260,19402.8866771184
6261,25476.335422463242
6262,30995.15792561097
6263,26502.090613013064
6264,33517.92118288944
6265,33437.399465212635
6266,25533.43062484002
6267,19011.768401617283
6268,22032.92421379764
6269,21898.363814785404
6270,25615.07763038007
6271,29147.097677900878
6272,24792.680187458252
6273,38152.0685526547
6274,24594.972097517275
6275,20019.087521451842
6276,16321.609878646934
6277,16904.861871932433
6278,28081.892687179163
6279,43661.072409236185
6280,28634.55601135161
6281,16054.23249696852
6282,21156.0251410719
6283,17679.072698100823
6284,17597.122591958516
6285,23736.377948221718
6286,24285.55501176222
6287,17239.15711148804
6288,27592.173304284333
6289,25977.27617178305
6290,35732.96501409054
6291,17781.33227052896
6292,23645.204601933456
6293,24440.02739359994
6294,26513.61866393607
6295,79443.9611198122
6296,20086.698699338474
6297,18062.52171666756
6298,19893.47419046486
6299,27429.391134119705
6300,29104.022112062434
6301,17995.912834968185
6302,27472.968465359045
6303,25153.047943611542
6304,29496.14307442073
6305,17437.88351690333
6306,26719.938057949374
6307,21127.325313181118
6308,26063.697895433583
6309,17780.291469763713
6310,26297.854562058616
6311,23522.38053867805
6312,17719.108109475234
6313,24550.011855050227
6314,16454.784188335863
6315,28030.35802660633
6316,22705.515536463703
6317,18105.963663768445
6318,16432.54982182862
6319,20499.216133334317
6320,17388.642207752935
6321,16707.51221598434
6322,27867.934190833348
6323,17452.961889468213
6324,19321.19076132911
6325,40631.974878897985
6326,19720.573784190277
6327,16125.554296574792
6328,24171.452582718422
6329,17499.95256215342
6330,34098.945253992424
6331,26460.324501953546
6332,22370.209241272853
6333,30562.92538805788
6334,33882.83676197968
6335,27833.961796779415
6336,29847.361359397084
6337,23291.63435558503
6338,22072.159206023774
6339,35822.93474101407
6340,24641.289556636773
6341,17216.343203770943
6342,16289.279282507567
6343,16822.19604968171
6344,39711.94475760181
6345,24431.486218445985
6346,23754.540350669842
6347,26786.51256124515
6348,18195.529844142653
6349,30061.869670509535
6350,23988.69972168197
6351,24236.340510197475
6352,22916.119185942513
6353,34271.86959936493
6354,16021.04861875882
6355,20092.077781507818
6356,19090.88831720974
6357,17247.12485646608
6358,17548.89187946888
6359,27622.97892133129
6360,27471.049293167816
6361,22614.586272632183
6362,16830.17173312045
6363,17636.720121062808
6364,29385.074819502788
6365,32549.615833627588
6366,20138.436761860958
6367,20892.985678934314
6368,26016.43127616532
6369,20952.72954788914
6370,17195.713909200862
6371,47922.65450067194
6372,25199.16059088618
6373,16164.80428011303
6374,18088.440662754834
6375,38112.61059276929
6376,36648.883384342305
6377,16609.574273361894
6378,43748.89482410664
6379,21575.80749028759
6380,31777.347225103957
6381,18087.72689871548
6382,24058.551621704144
6383,26982.516863196004
6384,16294.688518431574
6385,21523.56604560155
6386,32328.723959200885
6387,17968.815409567298
6388,27707.838786246863
6389,21197.64559604034
6390,53696.18744794979
6391,31759.676052784856
6392,27626.983542016736
6393,17004.289492502394
6394,17152.740074773723
6395,19427.164204965353
6396,24383.289854034974
6397,26323.587239168242
6398,16089.514366442882
6399,17762.44412086792
6400,81759.66761031032
6401,40632.972719731915
6402,16300.6358942608
6403,17390.147275885178
6404,18561.132169182787
6405,20315.53826101138
6406,27847.968064509347
6407,52525.228133957404
6408,22364.854835378756
6409,30326.90435467935
6410,17677.23704862467
6411,25086.519265388826
6412,24986.144525752235
6413,17270.98224604291
6414,17993.28920301313
6415,30877.3777893877
6416,30367.336634323146
6417,16449.070799736885
6418,21064.052455779492
6419,17809.471793483404
6420,37405.55874442414
6421,30114.76246756232
6422,18848.224954840778
6423,36455.3771889357
6424,20771.455294692758
6425,19757.67442174483
6426,17586.118563976393
6427,17096.46532529776
6428,26411.960783223665
6429,19070.138563680735
6430,16942.47959777447
6431,20797.298850016363
6432,35550.64282413357
6433,16161.746239403448
6434,18506.894487851554
6435,17241.290527461435
6436,28310.13355034548
6437,30298.890968197567
6438,22523.67743720784
6439,18134.42664812612
6440,17053.69478095659
6441,17241.96472535705
6442,20343.052934565272
6443,17204.576326845785
6444,16988.509075046506
6445,16633.727679636675
6446,25873.004409165835
6447,30616.524550227397
6448,24061.110122604143
6449,16639.20566627469
6450,27606.09081671811
6451,16482.44162357225
6452,26404.537262088168
6453,25317.407894932912
6454,23720.751742840577
6455,16493.466878411673
6456,22868.67642963995
6457,28372.064023679974
6458,17542.35525289029
6459,19541.47038236647
6460,19968.92012482295
6461,18781.77266605223
6462,27129.073198494
6463,24316.101014249532
6464,25973.324889351796
6465,19360.57495796522
6466,24413.382510664505
6467,21507.906752674902
6468,30097.728773306597
6469,17045.03606724084
6470,26703.24549089595
6471,16186.400442782562
6472,17749.616295514556
6473,23532.494677365667
6474,18762.374336004126
6475,18145.795377893228
6476,18929.58875910172
6477,16507.74638164423
6478,16193.866199029086
6479,27868.924234700524
6480,16117.949014850019
6481,17285.928673507246
6482,36458.46293608576
6483,27829.76792562487
6484,25657.399837039284
6485,30026.55442432323
6486,38860.57230171835
6487,16373.185018557739
6488,16377.310018894399
6489,24083.13250344165
6490,27264.832351151428
6491,30035.18241151602
6492,20518.656127426777
6493,15915.952627921388
6494,20374.73857125342
6495,28395.702842444978
6496,18222.39127468084
6497,18526.96736876859
6498,18000.620456399003
6499,22231.34148509285
6500,17448.649184345515
6501,17442.65935101472
6502,17261.811922170145
6503,22338.08071869932
6504,23360.67077580007
6505,17737.29465061503
6506,16658.335236992538
6507,20261.451407173896
6508,28898.43599730344
6509,27383.055776636753
6510,26763.26251158723
6511,25677.601452433566
6512,28979.743836519767
6513,20326.75969270411
6514,23490.501517968736
6515,17029.79644361772
6516,17829.404678001618
6517,31701.04463915476
6518,19437.85788438376
6519,21709.10282241514
6520,19470.684527769725
6521,21066.541152367598
6522,27630.204784809484
6523,22990.21400398165
6524,16501.03491214645
6525,21385.580965660694
6526,29521.89386901096
6527,21843.562746034106
6528,17509.602162238818
6529,16773.457384358044
6530,35254.55550832002
6531,16817.606129357027
6532,17171.97276909967
6533,29460.909374771865
6534,18906.065983444332
6535,16695.01231163811
6536,27481.83900939622
6537,56924.81096543141
6538,40743.17636836108
6539,16184.816246043347
6540,19175.183146678803
6541,35364.832303596086
6542,17279.60123019671
6543,110072.24229893905
6544,22065.129423596154
6545,17539.429724896247
6546,31064.917182420624
6547,24996.69730799839
6548,16197.322303259913
6549,21241.044466563737
6550,15957.559139738845
6551,16590.148638327268
6552,27219.64459971038
6553,32369.66395940555
6554,19246.753222601896
6555,26752.86972218606
6556,16781.529998936432
6557,16640.415747199517
6558,38173.40557569459
6559,24821.69786511981
6560,16606.701346303915
6561,40826.132276438504
6562,17230.80274649456
6563,18811.055779458522
6564,18406.430105420244
6565,26845.24453390904
6566,20815.465541978
6567,23686.452082180193
6568,16433.33345323132
6569,37565.073830483976
6570,18476.675047726814
6571,18090.090406445845
6572,27837.180623316985
6573,22098.625145018974
6574,27565.03625848373
6575,24085.98649854024
6576,32387.612743575584
6577,51645.96334261803
6578,17075.96745033562
6579,20950.1144315558
6580,21306.38054052867
6581,33506.24758560362
6582,34506.21895549805
6583,24324.074087990324
6584,19448.958566220586
6585,23011.67324939711
6586,23361.444998661846
6587,70597.65071728438
6588,19517.296652211142
6589,17191.694313266882
6590,16557.051248224903
6591,34053.22807710042
6592,27152.86114160221
6593,18548.629756954717
6594,26568.45808967818
6595,45564.648946015455
6596,25926.580686903762
6597,22202.863696364308
6598,17150.965206276032
6599,31038.168327298095
6600,16809.838803908086
6601,36872.39901070155
6602,16236.91536693257
6603,16685.50924994591
6604,18778.734478901002
6605,20993.20425726324
6606,26608.345633628083
6607,22281.212405564587
6608,17536.63430451732
6609,28059.92670595244
6610,32983.2504405826
6611,23468.013832795586
6612,17898.640379022767
6613,20965.49260035964
6614,24310.98222930387
6615,19845.21371760567
6616,42411.54744468454
6617,23929.883041682817
6618,16093.237904596015
6619,18137.77792028719
6620,22703.674968307085
6621,23448.516201450282
6622,23989.037179872546
6623,23871.705737783333
6624,28320.692362808986
6625,33496.27910827138
6626,27572.963537872187
6627,27354.304689443852
6628,16460.817467275443
6629,17237.794576431137
6630,16808.947043934393
6631,16555.928152279088
6632,36028.92944785507
6633,24894.39072692185
6634,16636.113416624874
6635,25652.720422780094
6636,29131.000253456565
6637,27996.167611803074
6638,22775.681837032174
6639,30894.66855527274
6640,22382.30403448839
6641,16926.397347568567
6642,16204.719685439459
6643,18314.27996270069
6644,26909.237508202128
6645,26946.019317100705
6646,26888.61829129194
6647,19719.889656569812
6648,21909.605364824387
6649,16260.885521651613
6650,28435.194365294188
6651,25580.83220739004
6652,26225.108924687687
6653,29594.43327434522
6654,17152.7666583015
6655,20108.034293616296
6656,19591.701381715942
6657,37455.16017184216
6658,27035.870024989334
6659,23358.782670799843
6660,32486.102457049707
6661,31498.946218952227
6662,21476.49943972477
6663,24275.389257337774
6664,19968.0298002739
6665,29174.32442450319
6666,16219.072121161254
6667,17965.08413873022
6668,66649.51330748571
6669,24370.921506920586
6670,27762.705523380246
6671,16236.371441433113
6672,17028.527597671175
6673,17217.416677606656
6674,16399.086453872336
6675,36730.14949151067
6676,26125.192546561295
6677,17683.46132607464
6678,27110.916252706316
6679,26968.244986890317
6680,25351.32485969338
6681,17294.777791001583
6682,18181.275139922036
6683,29425.247701062017
6684,16498.37744454291
6685,39466.80317579074
6686,30665.574565868323
6687,18206.791451640478
6688,25358.6155329126
6689,17632.41035851798
6690,25523.217200883526
6691,19227.52336037171
6692,45180.001181526466
6693,19561.61820402119
6694,24980.89065182414
6695,18401.73043633021
6696,19737.009380609237
6697,25745.93700223506
6698,19165.657552161516
6699,19348.989557882684
6700,16222.150677850337
6701,23229.08173677202
6702,20203.500295560716
6703,23267.9334176916
6704,16562.594812858693
6705,32709.231605042398
6706,16640.70935386911
6707,29319.66091152365
6708,16354.302941887589
6709,26026.19048640294
6710,22469.70622609745
6711,22105.591809611025
6712,16599.543960169718
6713,28857.131458088115
6714,16331.35544111104
6715,27965.745947005784
6716,17071.536234268297
6717,23591.08837705616
6718,34125.793147211116
6719,23847.022236037596
6720,17665.784878462946
6721,98784.72026885638
6722,15921.750389101904
6723,17435.07102325775
6724,24540.15667875633
6725,21990.466001848217
6726,34178.57446524879
6727,17611.160771650535
6728,21283.740520882297
6729,17190.886817853865
6730,24815.218290334396
6731,33027.41307309207
6732,16809.07729805893
6733,48768.777431218936
6734,17212.419333583755
6735,17499.111813072017
6736,16457.962420608772
6737,26022.22555970841
6738,27224.31773413079
6739,23219.79555720751
6740,16074.090337211393
6741,36837.698491672185
6742,30109.636271583688
6743,16643.721105121458
6744,16699.728045010026
6745,30120.25578884261
6746,25315.47029147237
6747,43973.94221596264
6748,19371.79085599414
6749,27093.669365960122
6750,17468.23864052999
6751,18188.815254359328
6752,27296.391906035005
6753,27503.208200193905
6754,16018.458899218953
6755,17316.997825134666
6756,24182.629936855796
6757,16452.58725077739
6758,27563.10408317481
6759,19821.481851131346
6760,24484.704491644534
6761,19342.61489347257
6762,24084.6714366534
6763,19106.195530692796
6764,17703.32916246605
6765,18768.1080496075
6766,20868.170068844378
6767,30536.94368121997
6768,19688.102743799802
6769,31749.273368129194
6770,19493.25739964724
6771,19588.613919486153
6772,17271.700845266827
6773,18594.6018177912
6774,39323.26338597768
6775,26156.51187669354
6776,18215.731920919527
6777,22780.846717840774
6778,27615.27429431293
6779,16273.085625941641
6780,32919.12641021797
6781,36618.34801802731
6782,25754.305202955362
6783,19466.557861420028
6784,31959.70562049497
6785,33193.71641127538
6786,23695.868383570916
6787,26210.66270343539
6788,17440.37626846661
6789,19817.502918147038
6790,16813.540614478734
6791,15996.224797816896
6792,24068.17322644418
6793,17232.440014469164
6794,16752.188379655498
6795,16303.549170890403
6796,21682.514005464604
6797,31957.09205843656
6798,16647.729682603334
6799,57139.66929747084
6800,19268.368171104335
6801,21833.87513244668
6802,26921.250754780755
6803,27377.121678975698
6804,18566.578616173003
6805,31307.26388087525
6806,22456.573637342834
6807,19201.17861794139
6808,27593.00223610682
6809,18168.324629978513
6810,32704.14723026714
6811,18024.42630012265
6812,23893.88519274221
6813,27789.48059226825
6814,20935.099443761854
6815,19662.125497964
6816,19894.37542120838
6817,29208.797542748627
6818,30634.45807638961
6819,23857.406788280652
6820,18500.501697231368
6821,33596.12151176929
6822,28433.052055406726
6823,16174.915153866154
6824,27989.106304910463
6825,17937.791482391756
6826,35100.2399646564
6827,20258.311536308483
6828,17631.28789082973
6829,24346.482263381084
6830,25786.458719798655
6831,16842.07809718402
6832,33677.756131294365
6833,24303.245228944714
6834,24509.709072650014
6835,19315.820014922203
6836,23051.287992209676
6837,18145.38868833257
6838,19779.636754646683
6839,19629.58688003799
6840,26126.014783500606
6841,17340.58595003251
6842,18011.96757775985
6843,21464.886420204897
6844,28365.503056732574
6845,38973.058269891786
6846,27751.077702685583
6847,16261.85677313248
6848,28369.06743506684
6849,20647.795919623975
6850,16556.97821506552
6851,19107.575900205655
6852,21183.991152496168
6853,27229.076068714534
6854,25557.879082738316
6855,24255.08207831038
6856,22219.195821238874
6857,17955.06152475854
6858,22979.489146957192
6859,28525.106445897527
6860,18998.27392705138
6861,30837.53839592407
6862,19592.822517157383
6863,50697.13430104376
6864,16466.529046442924
6865,30070.687045720162
6866,28157.036018927178
6867,28780.209037375844
6868,17931.90951433713
6869,27417.399552141404
6870,26573.443928897977
6871,91083.59613794748
6872,23633.45856492557
6873,50801.30139815403
6874,22844.888403964105
6875,30869.28067435732
6876,26362.65460340806
6877,17576.08944289036
6878,19066.51047164945
6879,26782.131684004216
6880,17647.741082508044
6881,19096.806653489668
6882,17866.438279630238
6883,22383.35003165447
6884,16545.33847959723
6885,27964.16572498769
6886,20512.165115648022
6887,28061.7933467454
6888,36993.689472285405
6889,23481.43555575211
6890,17046.29801442296
6891,24552.511391493957
6892,20058.72006782806
6893,21080.61748821994
6894,25804.71306276723
6895,16196.229399511352
6896,27982.280288698785
6897,17187.75557001016
6898,26847.785709631014
6899,20665.910863105582
6900,39665.198870299435
6901,17139.692537399125
6902,27103.761566017307
6903,26650.523296279727
6904,16645.979284010296
6905,20054.781975140184
6906,20983.57606008031
6907,18980.174758258807
6908,16146.634105419018
6909,17651.13709393217
6910,43835.242537734
6911,24311.02860077416
6912,22057.618029720714
6913,23504.378822668205
6914,18941.837585377798
6915,42689.67422277562
6916,23293.028299886995
6917,17739.902106436224
6918,33380.246854740064
6919,38065.260448805
6920,24575.83314132841
6921,21084.146210511815
6922,17484.93156517245
6923,32249.75952446033
6924,39995.09539433168
6925,20387.973507186143
6926,17063.615019720746
6927,71112.8478786341
6928,18958.01292896324
6929,18611.35482886976
6930,17461.530128367445
6931,18678.237368026756
6932,33114.7472641952
6933,26890.644238737743
6934,28434.672331872724
6935,31336.859562153335
6936,20018.24507629259
6937,16855.692813404214
6938,18947.540303185462
6939,16645.840371369733
6940,23192.750036283916
6941,29095.28699801021
6942,19117.213930589118
6943,19950.557482238677
6944,22803.872100742094
6945,30815.95171943738
6946,27685.20163500632
6947,110555.28733654198
6948,25131.701004733408
6949,26912.349399903513
6950,27550.33147479847
6951,16533.143204174587
6952,23412.025515435736
6953,18475.96799117977
6954,18566.284232601927
6955,22518.313144779502
6956,21410.58046106442
6957,21806.600565669854
6958,25356.674775854794
6959,18325.348531380954
6960,20334.687714539425
6961,19140.253232820738
6962,37938.56618802658
6963,18010.859598294308
6964,16398.49408664629
6965,21373.752105513617
6966,28031.54766083538
6967,25111.360059245006
6968,18820.93465865294
6969,17116.489899517604
6970,19928.521790069488
6971,30793.154031963586
6972,29021.07856256785
6973,16142.649954671648
6974,18372.622324094642
6975,17742.516291117405
6976,27159.29704526883
6977,17770.45456697298
6978,28117.065983451652
6979,29238.730894290813
6980,18604.94591872656
6981,21766.991634245736
6982,17289.038643811087
6983,21267.043771873214
6984,16276.894335108404
6985,20816.311756156603
6986,27706.12120097025
6987,22113.293529947445
6988,16245.345637439774
6989,51637.4553489015
6990,17487.353905067903
6991,23647.910850144388
6992,54057.065529148655
6993,31436.973237654816
6994,22762.853453342675
6995,31356.007464204224
6996,31928.570129768606
6997,16613.27555753664
6998,19343.578799817966
6999,36552.821448886985
7000,18892.310942623026
7001,27059.38269490986
7002,25241.824748711126
7003,21162.636634517025
7004,36485.75056322051
7005,21522.652594535914
7006,25773.126701389137
7007,19295.414668359714
7008,18156.920139989375
7009,18047.930124253962
7010,20415.347764155427
7011,16470.87981176688
7012,21214.386496672043
7013,31080.34915315002
7014,19354.468742441626
7015,18273.265845086233
7016,29581.311835829907
7017,28272.27170017071
7018,37774.285790335554
7019,52355.00080980577
7020,20166.865568487017
7021,16703.31599959897
7022,16731.237557409695
7023,20877.556156540268
7024,22032.288574041086
7025,27882.94144712069
7026,28049.50523793732
7027,35828.30749049517
7028,32985.8378171802
7029,41527.14475444104
7030,23574.742771246558
7031,16669.911373294817
7032,18625.180652346924
7033,20946.70802648199
7034,24180.513971036093
7035,20453.694465238306
7036,18227.562314319348
7037,17155.15320899147
7038,28784.23043561931
7039,26001.238268367088
7040,22731.07153230781
7041,32031.039972533115
7042,24439.333967229133
7043,19159.425512133064
7044,31536.85783469442
7045,19197.578235711477
7046,20366.17336899958
7047,121737.31473927632
7048,51100.91706762857
7049,25720.81804728531
7050,18642.93021003737
7051,32085.01813188486
7052,40412.88071366391
7053,17896.66671968425
7054,20854.352434348097
7055,32376.17069144344
7056,16803.138736184963
7057,20322.606653148894
7058,23161.163108092238
7059,31714.471122584433
7060,32113.89420118007
7061,28091.837240324443
7062,21187.784714621277
7063,16665.84579704949
7064,25069.98035870345
7065,16502.974681260803
7066,20725.32169476862
7067,20792.025940175135
7068,25441.838721057433
7069,18880.051376101146
7070,24863.8533952713
7071,16249.287331208685
7072,27349.765745088
7073,23535.698675020903
7074,23244.25105409649
7075,28515.59321842397
7076,18505.378812918156
7077,18196.40838948544
7078,25888.122490413407
7079,18385.453236788522
7080,23272.67722404909
7081,43379.00611409133
7082,16136.061903598802
7083,16470.68934356238
7084,18346.801439107607
7085,16387.508869687674
7086,20312.69028261681
7087,16591.76657318735
7088,19715.98282579102
7089,19175.219722380392
7090,16666.94853130799
7091,16944.64700342708
7092,30583.31394585899
7093,20127.15132605134
7094,18195.625288990348
7095,21244.260666284576
7096,29803.101708450864
7097,16152.296369977994
7098,18772.015047448553
7099,20825.125843351263
7100,24430.51343631798
7101,16282.54210045143
7102,28580.657880643615
7103,23294.661153477686
7104,20973.954778914915
7105,19593.534938635577
7106,26539.499182492615
7107,28978.251412631198
7108,86418.27404515565
7109,18909.62522320372
7110,17828.6926330117
7111,23036.601613879993
7112,22567.461042007686
7113,17993.306363712767
7114,26658.308350522708
7115,25922.989416196902
7116,27840.167496303515
7117,23449.248607731457
7118,17342.130275563242
7119,25250.444509328758
7120,17796.663048307717
7121,19890.91302071365
7122,17596.361085366905
7123,20524.745457372526
7124,23810.84813702215
7125,23161.875494459473
7126,23627.525766273
7127,32037.027966383568
7128,16607.140866005557
7129,37508.54746347656
7130,17237.254113472045
7131,19257.506008988552
7132,28271.92117693377
7133,23285.12113195713
7134,31157.044629668366
7135,33261.95177224596
7136,32974.57752490616
7137,22392.09349082644
7138,38066.88503443821
7139,37370.06245406856
7140,25890.98049148537
7141,23795.269357103374
7142,28682.926911898354
7143,24485.113144335715
7144,28249.759409936913
7145,19761.924051920163
7146,15914.52391323956
7147,19150.743328900753
7148,18783.89991344014
7149,17174.063064923674
7150,16343.04143078137
7151,16895.5817832953
7152,24034.68348442679
7153,18816.41628966694
7154,19955.980996316994
7155,34759.34650263952
7156,27947.602105732276
7157,30804.528732929266
7158,59761.343650990144
7159,20554.3909737941
7160,16311.570658704815
7161,18779.538196149937
7162,24436.274968089165
7163,23934.70473159032
7164,31745.420545686848
7165,23871.278864356293
7166,23064.48789103341
7167,35589.425497755736
7168,16483.860399729518
7169,32647.640726931448
7170,16788.701801274892
7171,29132.493597903616
7172,17517.534091252102
7173,18522.559316388822
7174,18319.878931604333
7175,24441.967926574307
7176,21756.93334995352
7177,30049.486700851106
7178,24333.482776565437
7179,20537.504900311415
7180,21794.34137608084
7181,16416.393797256467
7182,25937.846039630902
7183,27215.647110301757
7184,26839.478173510106
7185,23887.77880566018
7186,19122.57277200532
7187,68297.72616024017
7188,21509.763213307942
7189,32124.270824196945
7190,20322.9942988794
7191,16076.344064098741
7192,27106.656821513156
7193,23382.821449390685
7194,29617.325059097668
7195,17164.465362086587
7196,23090.40936932082
7197,30840.464822008387
7198,20678.901042071
7199,23992.89254760063
7200,36613.642455339104
7201,22815.010011192662
7202,17520.253362624266
7203,30859.772956192395
7204,16193.995548304738
7205,16034.322724903514
7206,18590.151079393305
7207,23550.557231917206
7208,18489.316320165053
7209,18676.431570301713
7210,41726.75348775164
7211,16053.4669420771
7212,22289.140055678996
7213,21747.893423665973
7214,16549.17736559273
7215,16131.36109571432
7216,26619.837392447014
7217,18605.280839981697
7218,23584.519534444305
7219,23925.860954891043
7220,16432.400936086335
7221,16802.205266513876
7222,24431.346415038413
7223,26756.760963099987
7224,18827.10598116749
7225,17250.935298628083
7226,22348.49024863454
7227,31128.219925528854
7228,16755.937422754705
7229,27670.993533783643
7230,23274.3031018145
7231,18806.391808357374
7232,24902.61872213492
7233,22238.461335093853
7234,19219.538928920727
7235,22446.231506442946
7236,17221.45255272425
7237,18482.949432315298
7238,42807.92575227962
7239,16727.749298940606
7240,37918.44529352439
7241,19388.751703775513
7242,37681.787133202204
7243,16989.092373563748
7244,31613.850636067567
7245,24594.016261805133
7246,18637.28361738391
7247,16780.249642352836
7248,27126.227289829178
7249,25156.742485405433
7250,20090.587971631914
7251,16457.311029175064
7252,23335.842419387936
7253,18606.837970282075
7254,26361.447798696307
7255,30202.430299984786
7256,19151.88489577971
7257,26435.056925824094
7258,27357.4223892476
7259,38995.08686379558
7260,22199.115992627863
7261,34852.87236230292
7262,16425.39699481137
7263,20063.68981509187
7264,16429.562569875772
7265,16179.158012786169
7266,42474.085290700874
7267,22282.699953374173
7268,16746.898802456995
7269,17848.583193652757
7270,30829.811906996558
7271,47123.63664257222
7272,25089.28877435847
7273,29707.773161010868
7274,26129.584339289933
7275,29339.003261437014
7276,24213.72194668869
7277,16282.006352007107
7278,28031.5342938782
7279,23598.41861982378
7280,23527.254752721903
7281,24933.03126478988
7282,18937.4527419397
7283,17827.534292219792
7284,38101.47156755042
7285,30452.029340999296
7286,23599.211975278376
7287,20764.48824056339
7288,22966.480263429214
7289,47290.46217074853
7290,16990.250928616108
7291,18737.51124714451
7292,17486.80144861935
7293,17456.622179480113
7294,32444.62840978554
7295,16589.132070484367
7296,23698.314861857547
7297,20050.354636498123
7298,17076.871339778256
7299,16390.10158489039
7300,27923.84362650486
7301,16460.45246463096
7302,28198.373876280464
7303,27060.944050866514
7304,36745.92493482719
7305,24599.517223373106
7306,16597.701670146744
7307,16390.478705742615
7308,27259.651800607382
7309,16796.283149088904
7310,17808.924023095282
7311,18913.185132987088
7312,29001.17826679139
7313,23655.382830430688
7314,40077.12062397325
7315,17411.431180822143
7316,18754.820053044812
7317,27685.84193018111
7318,26778.262292241823
7319,16495.97605997721
7320,24500.705417945872
7321,17885.289884689897
7322,18731.791346703492
7323,37314.78146713706
7324,43200.95234642946
7325,20643.240133406285
7326,42561.70189342614
7327,20009.650820677984
7328,26558.064958277882
7329,21564.680641708655
7330,17741.03571851273
7331,34632.86938130267
7332,18699.762282333537
7333,22606.46202447914
7334,17318.876591295157
7335,18887.43092950395
7336,20566.734860615503
7337,19275.950051703287
7338,18949.751838577547
7339,25637.238564978063
7340,28804.071148761952
7341,50667.66175820689
7342,26138.2205693944
7343,40513.0878493246
7344,19170.22321343735
7345,23830.953862437644
7346,49948.57205324899
7347,26566.64010662588
7348,22693.873749624458
7349,21437.852975553946
7350,27518.261813443052
7351,16525.178246417716
7352,16686.631189080537
7353,16797.3885059459
7354,17034.578304446408
7355,16403.188646321993
7356,27752.698819710495
7357,29206.631769773197
7358,27940.85949159867
7359,17867.697133066955
7360,22440.783997445193
7361,21548.233607956856
7362,16431.79952977781
7363,27448.01004798142
7364,20549.226193145634
7365,19590.218311521618
7366,18237.3239328277
7367,16233.292121445002
7368,17144.478683830006
7369,20088.6743747282
7370,17780.0752621756
7371,21057.690162835068
7372,22826.273094902364
7373,20252.62960732301
7374,26240.25130296838
7375,18221.381137828128
7376,16801.628384146123
7377,18261.148900046664
7378,21711.059473308433
7379,27023.580121389932
7380,30886.979302415722
7381,16289.706517686254
7382,16703.917385936333
7383,16791.251891165964
7384,24859.733607710838
7385,16385.492814002693
7386,25882.20378963656
7387,25743.616735594907
7388,44121.90590852476
7389,26518.885061109206
7390,17511.134400282393
7391,17424.276342318077
7392,32298.669003268707
7393,17311.736300182838
7394,35110.828077773665
7395,16605.426409016112
7396,19468.175466099714
7397,19122.105437673294
7398,18837.78377913476
7399,16238.365278716947
7400,28342.57189059186
7401,21765.956275088854
7402,32504.642795944023
7403,16397.886101612457
7404,27785.213925951335
7405,22308.163032646433
7406,17504.88730077319
7407,25780.78454699869
7408,27086.771100347356
7409,18823.319915453514
7410,24449.370172442912
7411,16878.751212569216
7412,28383.65426249824
7413,19943.328422791394
7414,33745.079605755076
7415,17531.544313166283
7416,25386.20121358465
7417,16457.128565714956
7418,17011.905317295434
7419,34750.59599112609
7420,35470.64162120516
7421,18069.01089416793
7422,20157.522619806896
7423,16604.003108642046
7424,18245.5115488948
7425,28950.551890333776
7426,33972.862173632086
7427,18199.994595918033
7428,19641.836696629245
7429,44675.85133294035
7430,17606.04915029704
7431,22489.280094809685
7432,29473.366032031365
7433,17221.756410702026
7434,30136.48309232872
7435,16418.25119577033
7436,48522.00299024169
7437,30875.294419628557
7438,23852.350436617286
7439,17662.781913720504
7440,31853.41575079476
7441,21763.70927401716
7442,16886.33899876414
7443,22895.16937368939
7444,27522.02814444654
7445,30218.413677400742
7446,16214.994706614081
7447,24886.889355353676
7448,28972.814388675397
7449,17515.450019967466
7450,20358.05104732891
7451,39572.843911350865
7452,22666.792235711142
7453,17075.89619982375
7454,25891.585465214448
7455,19352.72907746166
7456,26558.406897903646
7457,23380.318346641292
7458,21212.360807394114
7459,16989.074145181956
7460,16406.986728452735
7461,19974.963001698456
7462,24183.206526397957
7463,30043.691102976874
7464,20971.28951178396
7465,19309.516129615797
7466,30615.385804679358
7467,26800.53490637164
7468,19041.169465923456
7469,18118.405318562018
7470,29316.396487583814
7471,19081.827712853377
7472,22488.47579409822
7473,16927.28928419785
7474,24677.44253068052
7475,18675.1758533473
7476,21134.141994896603
